responseid,age,demrepc,screener2acc,screener3acc,screenacc,condition,counterbalance,education,aspartame,asymptomatic,rust,herd,ivermectin,brain,tiktok,tiktokuse,tiktokrelativeuse
R_cI5lniDHbgO9nkB,35,2,1,1,1,misinfo-only,true-first,6,4,2,6,6,4,7,No,,
R_1fl7qlSTuPzDXXH,22,1,1,1,1,misinfo-only,true-first,5,5,1,2,1,2,2,No,,
R_1lsK6IIJakDyApV,41,1,1,1,1,correction-only,false-first,3,5,2,4,2,3,1,Yes,4,4
R_3r2P9C4ZfC4hpAx,22,2,1,1,1,misinfo-only,false-first,5,4,6,1,1,4,7,Yes,5,3
R_2ExWSa9sOWEhYh6,57,4,1,1,1,correction-only,false-first,6,4,7,2,4,6,6,Yes,3,4
R_22uhPMoS1WswgpR,23,2,1,1,1,debunk,true-first,3,4,1,2,1,1,4,No,,
R_8tX8tIHLebDZYOZ,39,3,1,1,1,misinfo-only,true-first,5,5,3,4,5,5,5,Yes,3,2
R_3EMDYkTEbZZQzM9,29,,1,1,1,misinfo-only,true-first,2,6,4,4,7,6,3,Yes,2,1
R_2tceaVeICKD77OZ,21,3,1,1,1,debunk,true-first,3,4,1,4,2,4,2,Yes,5,3
R_XYvupzC51ySICyt,23,1,1,1,1,misinfo-only,true-first,4,2,1,3,2,1,4,Yes,5,3
R_Zrt0vFfZ9BIEp5T,20,2,1,1,1,correction-only,false-first,5,3,1,2,1,4,1,Yes,5,4
R_3MRlvNWPsszJ6b4,40,1,1,1,1,debunk,false-first,5,4,1,4,2,4,4,Yes,3,3
R_2QVxESzD2LH8D5j,51,4,1,1,1,debunk,true-first,3,5,2,4,4,4,5,"",,
R_2ebvIiLg8aEv1Ba,32,2,1,1,1,correction-only,false-first,5,5,1,3,1,2,5,Yes,3,3
R_us3cjtyWC2bdoY1,34,6,1,1,1,misinfo-only,true-first,5,4,1,2,6,5,5,No,,
R_vB8uEMpC3CU35Rv,23,5,1,1,1,misinfo-only,false-first,2,7,4,4,6,4,6,No,,
R_3kM809AjAvRmvpv,67,2,1,1,1,correction-only,true-first,7,2,2,2,1,2,4,No,,
R_sA8pSws3keYH6Kd,26,3,1,1,1,debunk,false-first,7,2,1,4,1,2,1,No,,
R_2CxGs3QI8VfsfvG,20,3,1,1,1,misinfo-only,false-first,5,4,1,3,1,1,1,Yes,4,3
R_BqPzq1ilFkYtyAp,25,2,1,1,1,debunk,false-first,5,2,1,2,1,1,2,Yes,5,4
R_1ISZLm1rFLlQnxn,21,4,1,1,1,misinfo-only,true-first,3,6,2,4,5,4,4,Yes,6,4
R_3RaVZb8w6tvbHgm,24,2,1,1,1,correction-only,false-first,3,4,1,2,1,2,4,Yes,6,4
R_1dypMgw2Lzj9WVk,48,3,1,1,1,correction-only,true-first,3,5,5,5,5,2,5,Yes,2,2
R_31XZMvnamTaPH5s,22,1,1,0,0.5,misinfo-only,false-first,5,3,1,3,2,1,4,Yes,5,3
R_3MGP3rXMpZekXcb,38,4,1,1,1,correction-only,true-first,5,4,4,4,5,4,3,Yes,5,3
R_1ClnM6wLDxneGC5,33,3,1,1,1,misinfo-only,true-first,5,2,1,3,1,2,5,Yes,4,3
R_3KJHYfI823ZCNUD,30,6,1,1,1,misinfo-only,false-first,5,5,5,1,3,5,3,Yes,5,3
R_2dhk3z9hM0tngD2,26,1,1,1,1,misinfo-only,false-first,5,4,1,2,1,1,1,Yes,4,4
R_Oa7csIDepuCQCiZ,25,3,1,1,1,correction-only,false-first,5,3,1,2,3,1,2,No,,
R_2QVyq1ZLMsHfCzz,20,2,1,1,1,correction-only,false-first,3,5,1,3,2,4,5,Yes,5,4
R_22s1wcaQZTWOEfd,27,1,1,1,1,misinfo-only,false-first,6,4,2,4,3,2,5,Yes,5,3
R_3MPWvME1bEcWLwb,28,1,1,1,1,misinfo-only,true-first,3,1,1,1,1,1,4,No,,
R_2aPQazUbqEnxpl7,23,2,1,1,1,misinfo-only,false-first,3,4,2,4,4,4,6,Yes,6,5
R_1LU2RhAVITqoNSt,36,3,1,1,1,correction-only,true-first,2,4,2,4,2,4,5,No,,
R_beYhtMg5ODsZm0x,20,5,1,1,1,correction-only,true-first,3,5,2,5,5,4,5,Yes,4,3
R_3Pctb2JSqqGG1Qf,24,1,1,1,1,correction-only,true-first,5,4,2,1,1,4,2,Yes,4,2
R_BKUuoN9Wc59LZoR,19,5,1,1,1,debunk,true-first,3,4,5,4,6,3,3,No,,
R_3rH4BTAetZJHosZ,20,2,1,1,1,debunk,false-first,4,4,1,2,2,4,3,Yes,4,3
R_PSAA6KFBfW8TnGx,20,3,1,1,1,debunk,false-first,3,4,1,1,1,2,2,Yes,4,4
R_3lQi16qKSvhtt7Q,32,3,1,1,1,debunk,true-first,3,6,1,2,2,4,2,Yes,3,3
R_290aX7q3tinY1BF,22,2,1,1,1,debunk,true-first,2,4,1,4,2,1,4,Yes,4,5
R_sLT4WWyBpjihdhD,28,4,1,1,1,misinfo-only,true-first,2,6,2,4,5,4,6,No,,
R_23dzmWcDQbqjVzF,34,3,1,1,1,correction-only,true-first,3,4,4,4,4,4,4,Yes,5,3
R_1LCftLIFihW68DM,23,4,1,1,1,debunk,false-first,5,4,2,4,1,2,6,Yes,5,3
R_8j1nbLKBgy9Gi6R,20,1,1,1,1,correction-only,false-first,3,4,1,1,1,1,2,Yes,2,1
R_3em08Fft456ijD7,27,1,1,1,1,debunk,true-first,5,1,1,1,1,1,1,Yes,3,2
R_3IQQkfRfAHdZdSk,32,1,1,1,1,misinfo-only,false-first,5,7,1,1,1,1,1,Yes,4,3
R_9sQ0y8NeJC8lAat,30,5,1,1,1,correction-only,false-first,3,5,3,2,5,5,6,Yes,5,4
R_2tosJWARAyVxoru,32,2,1,1,1,misinfo-only,false-first,5,6,1,1,1,1,1,Yes,3,1
R_2COLQXA2SHfRKqh,25,2,1,1,1,misinfo-only,false-first,5,3,1,2,1,2,6,Yes,5,3
R_1lcK6YFQn6Qg9VC,21,3,1,1,1,correction-only,false-first,5,4,4,4,4,4,4,No,,
R_AiLAFeXy2Pqu0M1,56,4,1,1,1,correction-only,false-first,5,4,1,2,1,2,2,Yes,4,3
R_1QyAOGuvgtLZLvl,56,6,1,1,1,correction-only,false-first,6,4,3,4,5,2,2,No,,
R_2R49bSADBqAzr3z,22,2,1,1,1,misinfo-only,false-first,5,4,1,4,1,2,2,Yes,5,3
R_tXHSohvhcwZPDWh,31,3,1,1,1,correction-only,false-first,6,4,4,4,5,4,1,No,,
R_5sFCsKbOxSjwKgF,37,1,1,1,1,misinfo-only,true-first,5,6,1,1,5,1,1,Yes,5,4
R_2y1w35h6snZXniN,48,5,1,1,1,misinfo-only,true-first,5,4,1,4,1,1,5,No,,
R_1JXjz0j92h0S7xz,41,3,1,1,1,misinfo-only,false-first,3,4,1,2,1,4,2,No,,
R_22zcKJhp7q6YBem,31,3,1,1,1,correction-only,true-first,6,2,2,4,2,2,4,No,,
R_3RvV43hmKMSl7Wd,29,3,1,1,1,correction-only,true-first,6,3,3,4,3,2,4,No,,
R_3qatVigpOxRUCUM,34,3,1,1,1,debunk,true-first,2,5,1,2,1,1,4,Yes,2,1
R_3IcPW3UEzKzXRrG,28,3,1,1,1,correction-only,true-first,2,6,4,2,3,5,4,No,,
R_1mC4e2hsa8Utli0,39,6,1,1,1,misinfo-only,true-first,4,7,7,5,7,7,5,Yes,4,3
R_1DpCml9AwS6tu17,28,1,1,1,1,misinfo-only,false-first,3,6,1,4,1,2,5,Yes,3,1
R_3mkHkl2KwTKcy8a,33,3,1,1,1,misinfo-only,true-first,1,4,4,4,5,4,2,Yes,2,1
R_9Tg8aIxIq2KFDZT,38,3,1,1,1,misinfo-only,false-first,5,4,3,4,2,4,6,No,,
R_UmXmiY88DQpunKh,27,2,1,1,1,correction-only,true-first,5,4,1,4,1,3,4,Yes,4,3
R_9z6aOCTBK88ergl,23,1,1,1,1,correction-only,false-first,2,2,1,4,1,4,1,Yes,4,3
R_1geil4qa6U8qgLe,32,3,1,1,1,debunk,false-first,2,4,1,4,2,4,4,Unsure,,
R_2TXb9QaIasx51sR,18,3,1,1,1,misinfo-only,true-first,2,4,1,2,1,1,5,Yes,6,4
R_2ARL9wNoCMl9EjD,35,4,1,1,1,correction-only,true-first,6,2,5,1,2,2,5,Unsure,,
R_2V30i6XPMMdn8dY,21,1,1,1,1,debunk,true-first,3,3,1,6,2,1,4,Yes,5,4
R_u93EPifNbcHjqlr,20,2,1,1,1,misinfo-only,true-first,3,5,2,1,3,2,3,Yes,4,3
R_3KqClFxeoO67oTl,28,1,1,1,1,misinfo-only,false-first,5,1,1,1,1,1,1,No,,
R_1H6ubKaYlxvrUoy,21,3,1,1,1,correction-only,false-first,2,5,2,1,5,4,4,Yes,3,5
R_1rJFMSgUtU4vHH0,24,5,1,1,1,debunk,false-first,3,2,5,6,4,4,5,Yes,5,3
R_1CEp1QKcCMGptxL,47,4,1,1,1,correction-only,true-first,5,5,5,6,4,3,4,Yes,3,3
R_3QWbgV0LdItEjXn,35,3,0,1,0.5,correction-only,true-first,6,5,2,2,2,4,1,Yes,4,2
R_2XgpvOSaITSPivm,57,2,1,1,1,correction-only,false-first,3,6,1,2,1,1,1,No,,
R_1GWg6kAjpW4B1XY,26,2,1,1,1,debunk,true-first,5,4,1,6,1,1,1,No,,
R_QcEFn7Ngo27aD85,22,3,1,1,1,correction-only,false-first,5,4,1,2,2,2,4,No,,
R_3lySx4aAtR93AUA,65,4,1,1,1,misinfo-only,true-first,5,4,7,4,7,7,4,No,,
R_2b28f86Gn9ksvH3,22,3,1,1,1,correction-only,false-first,5,5,2,2,2,4,2,Yes,4,3
R_Wj6BuDTjnbbgflf,52,2,1,1,1,correction-only,false-first,6,2,1,2,1,1,3,No,,
R_WpPwafB56x8wDuN,21,3,1,1,1,debunk,true-first,4,2,3,4,3,4,4,Yes,4,2
R_334hZ5uzW64Q7eS,33,3,1,1,1,correction-only,true-first,8,4,2,2,4,4,3,Yes,3,3
R_1JE0lWdaGV2Gv23,25,3,1,1,1,misinfo-only,false-first,3,5,2,3,2,2,6,Yes,4,1
R_2dSEENnLsI2dFxa,44,3,1,1,1,correction-only,false-first,6,4,1,4,1,1,1,No,,
R_D1RNO9rtEUU0mcN,36,4,1,1,1,debunk,false-first,3,7,4,1,7,7,4,Yes,4,3
R_2f0RSL9Pn2MJhLe,23,3,1,1,1,debunk,false-first,5,4,1,4,2,4,3,No,,
R_3PWQ0KBI3lZUtIo,28,1,1,1,1,debunk,false-first,5,1,1,3,1,1,1,No,,
R_3JmFIY8cWmojNUC,18,3,1,1,1,debunk,true-first,1,2,1,2,1,1,5,Yes,4,3
R_pt3PgOxAspZkzZf,22,3,1,1,1,correction-only,true-first,3,3,1,4,1,1,2,Yes,2,2
R_1l5eCOhRW8RJ9wJ,41,2,1,1,1,correction-only,true-first,5,3,2,4,2,1,2,No,,
R_1rNxQuHJEvZd9KB,34,4,1,1,1,correction-only,true-first,3,4,1,4,1,4,4,Unsure,,
R_2frIoDvPFer53TI,40,2,1,1,1,debunk,false-first,6,5,1,4,4,6,1,No,,
R_qEinRNYMWy6e4xP,21,2,1,1,1,misinfo-only,true-first,4,4,1,2,1,1,4,Yes,5,4
R_3G9hyomfRggryCI,24,3,1,1,1,correction-only,true-first,5,4,1,1,1,1,1,Yes,5,3
R_6XB8benHFXo44j7,22,5,1,1,1,debunk,true-first,3,5,2,1,5,4,5,Yes,4,2
R_2wKYxTM0nFXQQJn,20,1,1,1,1,debunk,false-first,3,6,2,2,1,2,2,Yes,6,3
R_STaB3T6HK2SPgDT,32,2,1,1,1,misinfo-only,true-first,6,5,5,6,7,4,5,No,,
R_2DOlqJVJa736FJC,29,2,1,1,1,debunk,true-first,5,4,1,1,1,1,1,Yes,5,4
R_3dTdW1TSidHa4RC,23,5,1,1,1,correction-only,false-first,5,4,2,3,4,4,5,Yes,4,3
R_3LZU4iqLIedDi8e,21,3,1,1,1,debunk,false-first,3,4,2,1,2,4,3,Yes,4,3
R_3R2diTXcNDN0khb,35,2,1,1,1,misinfo-only,false-first,5,5,1,4,1,1,3,Yes,4,5
R_3khtnDaU5xqhJ30,22,2,1,1,1,misinfo-only,false-first,5,2,2,1,3,4,3,Yes,5,3
R_1LLOiDh6aR0pHUg,22,1,1,1,1,misinfo-only,false-first,3,4,1,1,1,4,4,Yes,5,3
R_1eJoFOxkmleoG6f,20,1,1,1,1,debunk,false-first,3,5,1,4,1,4,5,Yes,5,3
R_1es2QWtrO8KKnoI,27,4,1,1,1,misinfo-only,false-first,5,5,2,3,4,4,4,Yes,4,3
R_1jHa4mMjdI7f2eb,37,2,1,1,1,debunk,false-first,5,4,2,4,2,2,3,Yes,5,4
R_1ez5kuq1wefEyqV,32,1,1,1,1,misinfo-only,false-first,6,7,2,1,3,5,2,No,,
R_2zbuTafAHucS3uB,39,3,1,1,1,misinfo-only,false-first,5,4,2,3,2,3,5,No,,
R_V1F7NiyoP8lppEl,39,2,1,1,1,debunk,false-first,7,5,1,2,1,1,1,No,,
R_3qEH28ZXsV4csGd,24,2,1,1,1,debunk,false-first,5,4,1,2,1,4,5,Yes,4,4
R_3n2YxR4ONmIVFVf,25,3,0,1,0.5,misinfo-only,true-first,5,1,1,4,1,1,4,Yes,4,4
R_57ji4wkzh9WchX3,27,3,1,1,1,debunk,false-first,5,1,1,1,1,1,4,No,,
R_zZMHK4wt1c0pbs5,24,2,1,1,1,misinfo-only,true-first,5,2,1,2,1,1,1,Yes,5,3
R_vZanUJn3fPzc2nD,28,1,1,1,1,correction-only,true-first,3,4,1,4,3,3,4,No,,
R_erJFvfYPuOkYXe1,27,3,1,1,1,misinfo-only,true-first,2,5,2,4,5,4,6,Yes,4,2
R_12LrVVtxHjSaeGF,28,3,1,1,1,debunk,false-first,3,4,1,1,1,4,1,Yes,5,3
R_Wfxf431SDbKkjqV,53,4,1,1,1,correction-only,true-first,5,6,6,2,7,4,6,No,,
R_cUzGdsqBK6tIxOx,30,1,1,1,1,misinfo-only,false-first,6,3,1,1,1,1,1,Yes,5,4
R_RwsoN0dhiMbVlG9,33,3,1,1,1,debunk,true-first,7,4,1,4,1,1,1,Yes,4,3
R_29uhWI7BF5n9nt5,56,4,1,1,1,correction-only,false-first,5,2,2,2,2,2,4,Yes,2,1
R_2zAvvWcYzzSJ8kc,66,3,0,1,0.5,correction-only,true-first,6,2,1,2,2,2,2,Yes,4,2
R_1DUp4vxGD0BZRhp,41,2,1,1,1,misinfo-only,false-first,5,4,2,1,2,1,4,Yes,5,4
R_2fBOpCp4cfYOVIl,23,4,1,1,1,correction-only,true-first,5,4,3,4,1,2,4,Yes,4,3
R_3I3OSzuoeTdMBB3,21,3,1,1,1,misinfo-only,false-first,3,4,1,4,1,4,7,Yes,5,3
R_2cd9vMC5OqqV5KW,26,3,1,1,1,misinfo-only,true-first,6,5,2,5,3,1,2,Yes,4,2
R_3F34PsFu9xRh03d,24,2,1,1,1,misinfo-only,false-first,2,4,1,1,3,1,3,No,,
R_RkLCUmIrX0Si2qd,51,3,1,1,1,correction-only,false-first,5,4,2,2,2,4,4,No,,
R_3RgNPK0T0lVJnjA,28,2,1,1,1,correction-only,true-first,5,4,2,3,1,1,6,Yes,5,3
R_1hEDR2wnjbnjQRn,32,3,1,1,1,misinfo-only,true-first,2,4,3,2,4,4,5,No,,
R_8AhT3fdyxMw4hRT,22,1,1,1,1,debunk,true-first,5,4,1,1,1,2,1,Yes,4,3
R_2CEqwBZoIlUaEC9,24,2,1,1,1,debunk,true-first,3,4,2,2,2,4,5,Yes,5,3
R_2xVGJ6xUwhPuxzS,58,1,1,1,1,misinfo-only,false-first,3,6,2,6,2,1,3,No,,
R_2UabwN3CnKQZcKZ,20,3,1,1,1,correction-only,false-first,4,5,2,2,4,3,3,Yes,5,3
R_z6vPFnYJjeAQaSl,41,1,1,1,1,misinfo-only,false-first,2,2,1,1,4,4,2,Yes,3,1
R_WvZ4roEpdrV24TL,20,3,1,1,1,misinfo-only,false-first,3,4,1,2,2,4,5,Yes,5,3
R_324qS2Nuy6t5oYk,27,1,1,1,1,misinfo-only,true-first,4,5,1,2,1,1,1,Yes,4,3
R_xgd87DfEotiI8db,33,5,1,1,1,correction-only,false-first,2,7,7,7,7,7,4,Yes,2,2
R_2TZhzdhIJtNeZqT,52,5,1,1,1,misinfo-only,false-first,5,6,3,4,6,4,4,No,,
R_2ALjltLlyJWTITz,30,2,1,1,1,debunk,true-first,3,4,1,5,2,1,3,No,,
R_9FTgEGYqTGaqwj7,45,5,1,1,1,debunk,true-first,6,2,2,2,5,1,1,No,,
R_1ibr5PhFz1PfnaM,25,3,1,1,1,debunk,false-first,5,5,3,4,5,4,5,Yes,3,2
R_3O82UlyZg95vadB,57,1,1,1,1,correction-only,false-first,3,5,2,1,2,1,2,Yes,4,4
R_2YVT12J6oz5bZhl,55,5,1,1,1,debunk,true-first,4,2,1,1,2,1,2,No,,
R_UPXceTfTlPj7bc5,48,3,1,1,1,correction-only,true-first,8,1,1,4,1,1,4,Yes,3,4
R_VIsJBWAYLyTc4o1,21,3,1,1,1,correction-only,true-first,2,4,1,4,2,3,5,Yes,3,4
R_27vWp795yk3PvHJ,24,2,1,1,1,debunk,false-first,5,1,1,2,1,1,1,Yes,6,5
R_28YYL2vRxgZsaW5,19,3,1,1,1,correction-only,true-first,3,1,1,4,1,1,1,No,,
R_2SJt2mQYa4EAYxv,64,2,1,1,1,misinfo-only,false-first,3,4,2,4,3,3,5,Yes,5,4
R_umO6K0YlFERHiqB,54,1,1,1,1,misinfo-only,true-first,3,4,1,1,1,1,4,Yes,3,2
R_x3LyYj1rr96v4Zj,55,2,1,1,1,misinfo-only,true-first,6,7,1,7,6,4,4,Yes,5,3
R_VVkGjF2XgCyoErD,22,3,1,1,1,misinfo-only,false-first,5,4,4,4,4,4,4,Yes,4,2
R_XEQofIkY86pAI8x,32,1,1,1,1,misinfo-only,true-first,3,4,2,4,2,4,5,Yes,3,1
R_1r796RJydbwCAR4,19,1,1,1,1,correction-only,false-first,3,5,1,2,2,1,3,Yes,5,4
R_2wEOzlQ39MHWCNl,54,4,1,1,1,correction-only,true-first,2,7,1,7,5,6,5,No,,
R_9HatPQobVOr5a5b,36,2,1,1,1,misinfo-only,true-first,5,2,2,2,2,2,2,Yes,6,4
R_1Lkh2hziys6PX7U,37,4,1,1,1,misinfo-only,false-first,7,6,2,4,4,4,4,No,,
R_4HZWM9khRuoZgQ1,27,6,1,1,1,correction-only,true-first,4,7,4,7,7,5,4,Yes,5,3
R_2wFWVR42tqW0wnu,21,2,1,1,1,misinfo-only,true-first,3,3,2,4,1,4,5,Yes,5,3
R_2377AA3kicwxsrw,21,5,1,1,1,misinfo-only,false-first,3,4,2,4,2,4,7,Yes,6,3
R_3hoq2LWI5uFEtUl,22,3,1,1,1,correction-only,true-first,5,2,1,2,1,1,1,Yes,6,3
R_1BRbI9fiCrxELpT,57,3,1,1,1,misinfo-only,true-first,3,6,1,1,1,1,5,No,,
R_3OowBrInOrzfPZ7,26,4,1,1,1,correction-only,true-first,4,6,4,4,4,4,4,No,,
R_3fZ4l2mnUsPs57B,24,2,1,1,1,correction-only,false-first,3,4,1,2,2,4,2,Yes,5,3
R_20NKubwiA7Nb6rb,21,3,1,1,1,debunk,false-first,4,4,1,4,1,4,4,No,,
R_30wMdyfpuy4kd8H,33,3,1,1,1,correction-only,false-first,6,4,5,2,3,4,2,No,,
R_2qyM8MXn0d4dkKf,31,5,1,1,1,debunk,true-first,5,1,5,4,6,6,2,No,,
R_12l3zHnDJ6GeHhg,42,4,1,1,1,debunk,true-first,4,1,2,5,2,6,4,Yes,3,1
R_322T5T6gD2x0A0Y,45,2,1,1,1,debunk,true-first,6,2,1,4,1,1,5,No,,
R_2taEW2fSL09jIwr,59,4,1,1,1,correction-only,false-first,6,3,1,2,1,1,5,No,,
R_3k7ijVY0CFUWyw4,22,4,1,1,1,debunk,true-first,5,2,2,2,2,4,4,Yes,5,4
R_3ixsF7zAPGOLTAZ,26,4,1,1,1,debunk,true-first,3,4,2,4,2,4,2,Yes,2,1
R_1PU8YUmvP3vBjMz,28,3,1,1,1,correction-only,true-first,3,5,4,3,4,4,6,Yes,2,1
R_2OSYFCNq1aHqXiY,48,3,1,1,1,correction-only,true-first,7,5,1,1,1,3,5,Yes,5,4
R_3fZS63AEqcQHwRT,22,2,1,1,1,debunk,true-first,5,2,3,4,2,4,4,No,,
R_4TQTPftHgEe4EPT,18,1,1,1,1,debunk,false-first,2,4,1,2,1,1,4,Yes,3,1
R_RVrtxh7aT3MTApH,22,2,1,1,1,misinfo-only,true-first,4,4,3,1,4,4,3,Yes,4,3
R_21ihsKjyh4k8SHV,43,3,1,1,1,correction-only,true-first,6,4,7,4,4,1,7,No,,
R_2uVSIqlPQDSWYY7,25,5,1,1,1,debunk,false-first,5,4,5,4,7,6,3,No,,
R_3qDLWd8rstqGes3,26,3,1,1,1,misinfo-only,false-first,3,4,4,4,4,4,5,Yes,1,1
R_1NmQJ4aXtHfgq2R,25,3,1,1,1,misinfo-only,true-first,3,6,3,4,3,4,5,Yes,4,3
R_6sWsxdIfKVeAQZX,30,3,1,1,1,misinfo-only,false-first,3,4,3,2,2,5,1,No,,
R_1hZvkopNn8KMGjE,43,2,1,1,1,debunk,false-first,4,4,1,2,2,1,2,Yes,3,3
R_2Va27rx912ZKjty,52,4,1,1,1,correction-only,true-first,4,6,1,3,1,1,3,No,,
R_2WItYmRmEhpWDjj,36,4,1,1,1,correction-only,true-first,5,5,2,6,4,7,5,Yes,4,3
R_3mdBBT5qM0a4Qkj,51,1,1,1,1,correction-only,false-first,4,4,2,2,4,1,4,Yes,4,3
R_2c7AwmcWg5vdhDW,21,1,1,1,1,debunk,true-first,5,4,1,2,2,4,4,Yes,5,4
R_28MNAkemXAAhD4i,24,2,1,1,1,misinfo-only,true-first,5,5,1,2,1,4,6,Yes,5,3
R_3IWhqrwQwZiymdb,21,2,1,1,1,debunk,true-first,3,5,3,4,4,4,5,Yes,6,3
R_1DVesSqCph0ue7x,24,1,1,1,1,debunk,false-first,5,5,3,4,4,3,5,No,,
R_z0hKoZ9f1Kxu8BX,43,3,1,1,1,debunk,true-first,4,3,1,2,2,4,3,No,,
R_3PLtZcGj8ubhyFj,25,2,1,1,1,misinfo-only,false-first,3,6,2,4,2,1,2,Yes,4,1
R_3oBXQqV5E1YhXxs,29,1,1,1,1,misinfo-only,false-first,2,4,1,2,1,1,2,No,,
R_Rqn6WyHMHJF8D9T,64,1,1,1,1,misinfo-only,false-first,5,4,1,4,1,1,4,Yes,4,4
R_3Rn2ZskX3vtL4r2,38,1,1,1,1,misinfo-only,false-first,5,4,2,2,2,2,2,No,,
R_1H6rCoOB4Mi7L9a,23,2,1,1,1,debunk,false-first,2,3,5,3,6,2,5,Yes,5,3
R_9TrEgdJe4DjvRCh,43,1,1,1,1,misinfo-only,true-first,6,4,1,2,1,1,6,Yes,5,3
R_25QKDBWR56V04lX,36,1,1,1,1,debunk,true-first,5,4,1,2,1,2,4,Yes,4,4
R_2EEiBs6l9nv9vrF,27,3,1,1,1,correction-only,false-first,3,4,3,2,4,2,4,Yes,2,5
R_3n9t137e4NXf3cm,46,3,0,1,0.5,debunk,true-first,3,6,1,1,2,2,6,Yes,4,3
R_XGopPBY30j7DoMp,26,2,1,1,1,debunk,false-first,3,6,1,1,1,4,2,Yes,5,4
R_21bKXUvyKUXlGEx,31,1,1,1,1,correction-only,true-first,5,3,1,4,1,1,2,Yes,4,2
R_2xL5ovcGpeC6LiN,45,4,1,1,1,correction-only,false-first,5,4,5,2,6,7,2,No,,
R_xsVuAHhcAzjwrKh,34,1,1,1,1,correction-only,false-first,5,5,1,2,1,1,2,Yes,6,4
R_RCFOX90F9ckzkbf,28,1,1,1,1,debunk,true-first,5,5,1,2,1,1,4,Yes,4,3
R_2Qs0ougY44wLQrj,21,2,1,1,1,debunk,true-first,3,5,2,4,2,4,2,Yes,5,3
R_111t36rP0xSeQJB,50,3,1,1,1,debunk,false-first,7,3,2,2,2,4,3,Yes,3,3
R_UFsUCi8BRBtzKg1,53,4,1,1,1,misinfo-only,true-first,5,6,3,2,5,5,5,Yes,3,4
R_295Qwks6XyDQ9i8,20,3,1,1,1,debunk,false-first,3,3,1,4,1,2,1,No,,
R_9ZV4bNU3nQgbbwt,54,3,1,1,1,misinfo-only,true-first,5,2,1,1,5,4,5,No,,
R_2RWUe4u0BdV3xrS,35,3,1,1,1,correction-only,false-first,7,4,1,2,2,1,4,No,,
R_1NykHmCG02IBjwd,68,1,1,1,1,correction-only,true-first,5,4,1,2,1,1,1,No,,
R_1jP8aL3gvlfAuCa,54,5,1,1,1,correction-only,false-first,4,6,3,1,5,4,1,No,,
R_88HYl77uHd102SB,33,1,1,1,1,misinfo-only,false-first,6,5,2,4,2,4,4,Yes,5,4
R_3efCzVqpi9Ro0DM,33,5,1,1,1,correction-only,false-first,4,5,3,4,5,2,5,Yes,4,2
R_2AMbAxuZOYRGvvo,48,2,1,1,1,correction-only,false-first,5,1,1,1,1,1,5,No,,
R_3HNAPY5szTCQDni,45,2,1,1,1,correction-only,false-first,3,5,1,2,1,1,4,No,,
R_1LkEA0lGK9NJ14L,30,1,1,1,1,debunk,true-first,6,2,2,6,1,2,6,Yes,5,4
R_2V42G3R8Wdha9GG,33,1,1,1,1,misinfo-only,false-first,4,4,2,1,1,1,5,Yes,3,2
R_2AHwS3spQUpHeG6,25,3,0,1,0.5,misinfo-only,false-first,5,6,1,2,2,1,6,Yes,4,3
R_2TGBU6Vm0wdhQnK,30,4,1,1,1,debunk,true-first,5,5,2,2,2,4,3,Yes,4,3
R_2WA6prEKKhEoTFw,24,3,1,1,1,misinfo-only,true-first,5,2,1,2,1,2,2,No,,
R_1M0LG6LF5zxn0uC,21,2,1,1,1,misinfo-only,false-first,5,5,1,2,1,2,1,Yes,5,3
R_3m9wXxpXPpjDpXz,32,3,1,1,1,correction-only,true-first,5,3,1,3,1,2,1,Yes,3,3
R_3HvisIxM9I3h6UH,34,1,1,1,1,correction-only,false-first,5,2,1,2,1,2,2,No,,
R_3mjY17fhjM2eK1j,28,3,1,1,1,correction-only,false-first,2,4,1,4,1,4,2,No,,
R_R4sfaBneCOi8wfL,33,2,1,1,1,misinfo-only,false-first,4,6,1,1,1,1,4,Yes,5,1
R_3plpOR9yPQEIBGj,24,4,1,1,1,correction-only,false-first,3,4,2,2,1,1,2,No,,
R_2RPIDqDl5Z2fXsq,33,1,1,1,1,debunk,false-first,5,5,2,2,2,4,5,Yes,4,3
R_3e7Vn9AeciuEiCt,59,5,1,1,1,debunk,true-first,4,4,4,3,5,4,2,No,,
R_WwEfJYFhNC9fJ6N,21,1,1,1,1,misinfo-only,false-first,3,4,1,4,1,1,3,Yes,2,2
R_3PSpoXg6zVrSuU7,29,2,1,1,1,debunk,false-first,6,4,2,2,2,2,4,No,,
R_3MtZ43TfNwbSq7U,34,3,1,1,1,debunk,false-first,5,3,6,3,3,4,6,Yes,2,1
R_1NtaPuUBZvl33Gt,20,5,1,1,1,debunk,true-first,3,4,5,2,6,6,2,Yes,5,4
R_22WFaQIuqcJ8tJE,24,5,1,1,1,correction-only,false-first,3,7,3,7,7,4,5,No,,
R_VRtTRDXeDQ7mBfX,23,3,1,1,1,correction-only,false-first,3,6,5,2,3,3,2,No,,
R_vZGMp5mEgWPNqHT,31,4,1,1,1,misinfo-only,false-first,5,4,5,3,1,2,5,Yes,4,3
R_OALtgEaVrlxS4GR,66,2,1,1,1,misinfo-only,false-first,5,2,2,2,1,1,6,No,,
R_2f1kSSjVVMWe9PE,26,3,1,1,1,misinfo-only,true-first,5,6,6,3,5,6,6,Yes,5,4
R_3k1X56B5ADOKyif,36,4,1,1,1,misinfo-only,false-first,6,2,1,1,2,1,4,Yes,4,3
R_pGA8IAuQxPhUxnH,31,3,1,1,1,debunk,false-first,3,4,3,4,3,4,5,Yes,2,3
R_2xYp3pnbwW7dYVB,19,2,1,1,1,misinfo-only,true-first,2,4,2,4,2,4,4,Yes,5,4
R_SYUqRnFuGPXboDD,23,2,1,1,1,debunk,true-first,5,2,1,4,1,1,1,Yes,5,3
R_3qm1b3KBjxQudcP,18,2,1,1,1,misinfo-only,false-first,3,4,1,4,4,4,5,No,,
R_1gjzMBjqtfCcuOm,33,1,1,1,1,correction-only,false-first,5,7,1,6,2,4,5,Yes,3,3
R_2z79u4dqvf6ZobI,42,3,1,1,1,correction-only,false-first,5,4,2,3,3,4,5,No,,
R_yImDzHl5bhswW6R,21,1,1,1,1,misinfo-only,false-first,4,4,4,4,4,4,6,Yes,5,4
R_UfMir2SX04Qm87f,30,1,1,1,1,correction-only,true-first,6,4,1,1,1,1,4,No,,
R_31YP6ahos9uzWcT,33,2,1,1,1,misinfo-only,false-first,5,4,2,4,2,1,4,Yes,2,1
R_21B4sPScxMDGA9K,21,3,1,1,1,debunk,false-first,3,3,1,6,2,5,5,Yes,5,3
R_2SvQ3W18qflRlSM,52,4,1,1,1,misinfo-only,false-first,4,5,2,4,2,2,4,Yes,3,4
R_2SeLN7PhWgT9f9t,19,4,1,1,1,debunk,true-first,2,4,3,3,2,4,3,Yes,4,3
R_DcnnxM5pIEdIHbH,28,2,1,1,1,correction-only,true-first,6,3,2,2,1,5,1,Yes,5,4
R_3QK0GiZnbDCjmr8,25,2,1,1,1,debunk,true-first,5,3,1,3,1,2,1,No,,
R_2CjlSZW766BV2F1,50,3,1,1,1,misinfo-only,false-first,2,3,1,2,4,4,4,No,,
R_YQdlwrdgeENkZY5,26,2,1,1,1,debunk,false-first,2,2,2,4,4,1,1,Yes,5,3
R_6WjrbZiTdfqCeNb,45,3,1,1,1,misinfo-only,true-first,3,5,1,1,1,1,6,No,,
R_2rIxrsLDaKw2JlE,47,4,1,1,1,misinfo-only,false-first,6,2,2,4,1,2,5,No,,
R_3m2ZCyWgukdggpG,53,6,1,1,1,debunk,true-first,5,5,5,7,7,7,5,No,,
R_3GenCwErwnHPYbi,23,2,1,0,0.5,correction-only,true-first,2,4,1,2,1,5,3,Yes,5,5
R_2eVeZxSW9vPKK7s,21,3,1,1,1,correction-only,false-first,3,1,2,4,2,3,4,No,,
R_WpR5JMpcXQQFex3,25,1,1,1,1,misinfo-only,true-first,2,1,1,1,1,1,7,No,,
R_3CU6LckbzOAexlY,45,1,1,1,1,correction-only,false-first,4,4,2,2,2,4,4,Yes,5,3
R_3fAZ8QfizWPkzsG,23,1,1,1,1,correction-only,true-first,5,4,1,4,1,1,4,No,,
R_3CHDAwhUQQGwfPq,31,2,1,1,1,misinfo-only,false-first,3,4,2,3,3,2,3,Yes,5,4
R_2ghswE4XLfUdhzX,36,4,1,1,1,misinfo-only,false-first,5,7,1,7,5,7,7,No,,
R_u3mS7t8obX6yRwJ,31,1,1,1,1,misinfo-only,true-first,5,5,1,1,1,1,1,Yes,6,4
R_269Loau82Z2n4YG,58,2,1,1,1,correction-only,true-first,6,4,1,4,1,1,2,No,,
R_1DtGGFi5imU8GPA,20,1,1,1,1,debunk,false-first,3,6,1,2,1,2,2,Yes,5,3
R_0BXYEHJik3VrfbP,25,2,1,1,1,correction-only,true-first,3,4,3,4,4,3,3,No,,
R_Au3yhNjhUj5x3cl,33,3,1,1,1,correction-only,true-first,5,3,3,3,3,3,5,Yes,2,1
R_aXJS6LUX9t9fqMN,43,5,1,0,0.5,debunk,false-first,5,2,2,1,3,2,6,Yes,4,3
R_Z8gCBcFsUKI14ml,41,2,1,1,1,correction-only,true-first,6,4,2,3,2,1,2,No,,
R_2R2I2dR7BgxHXVG,70,2,1,1,1,misinfo-only,false-first,3,4,1,4,2,2,2,Yes,4,4
R_3kjDwfZAwFOjKGg,62,6,1,1,1,debunk,false-first,2,5,1,1,5,1,7,No,,
R_115b7XIR1z7liFf,21,2,1,1,1,correction-only,true-first,3,4,2,2,1,4,2,Yes,5,3
R_1GV6DwD3woSCjh0,36,2,1,1,1,debunk,true-first,3,4,1,3,1,1,1,Yes,6,4
R_1Y6TAtFaWPqyzhn,18,1,1,1,1,misinfo-only,true-first,2,4,1,2,1,1,1,Yes,5,4
R_2uHQynqTwWAjWaE,25,2,1,1,1,debunk,true-first,6,4,3,4,2,3,2,Yes,4,3
R_3POgRsChFJLSwJX,58,5,1,1,1,debunk,true-first,3,5,6,5,6,5,3,No,,
R_PCMhqcOrm7tgIdH,57,4,1,1,1,correction-only,true-first,2,4,1,1,1,5,7,Yes,4,4
R_3oSZyTmmGt90h6r,21,1,1,1,1,misinfo-only,true-first,3,4,1,1,1,3,5,Yes,4,3
R_1BP0uZNskCjrOac,60,5,1,1,1,misinfo-only,false-first,5,7,1,1,2,7,1,Yes,4,5
R_3Po9ynBikNCKTDl,23,1,1,1,1,debunk,true-first,5,2,2,2,2,2,6,No,,
R_OHJg1ve38f3Tjt7,22,3,1,1,1,debunk,true-first,5,5,2,5,5,1,4,Yes,5,4
R_1q9U2dXjRLqzTwD,61,3,1,1,1,debunk,false-first,4,4,2,4,2,2,4,No,,
R_2CqzuJYgYfJl5Nq,30,3,1,1,1,debunk,true-first,7,4,3,4,3,1,7,Yes,4,3
R_2QhVzvU6OL96hLG,41,1,1,1,1,debunk,false-first,6,7,1,1,1,1,1,No,,
R_87YZ23bupkml2sF,39,1,1,1,1,correction-only,true-first,3,4,1,4,1,1,2,Yes,2,2
R_3lzXYE7ROZje06Q,33,1,1,1,1,debunk,true-first,2,4,1,1,1,1,4,Yes,3,2
R_VUsdVEOQJ2uq2GJ,33,1,1,1,1,misinfo-only,true-first,6,4,1,2,1,1,4,No,,
R_pSKwAQrBHnvJMEp,49,5,0,1,0.5,misinfo-only,true-first,3,4,2,4,3,6,2,No,,
R_5tDZBtT9M51opfX,49,2,1,1,1,misinfo-only,true-first,4,4,1,4,1,1,6,Yes,3,1
R_22E1o1moESbomel,21,3,1,0,0.5,correction-only,false-first,3,6,1,3,1,4,1,Yes,4,3
R_1IiWoHxlYTMyHd2,20,4,1,1,1,correction-only,true-first,3,4,1,2,2,4,5,Yes,4,2
R_2Qlmwm01DADmlp7,29,1,1,1,1,correction-only,false-first,5,1,1,1,1,1,1,No,,
R_2Xi0XCuzZxt46qk,34,3,1,1,1,debunk,true-first,4,4,4,5,6,3,5,Yes,5,3
R_3HSRqMHehkna19p,27,1,1,1,1,misinfo-only,false-first,5,4,1,1,1,2,3,No,,
R_2CkszdyxjfX8kdu,29,5,1,1,1,debunk,true-first,3,4,1,4,4,6,6,Yes,5,4
R_3fZPbLJHv7s15CB,22,3,1,1,1,correction-only,true-first,3,2,2,2,1,1,4,Yes,3,2
R_2xQSjtHW7JLq3pY,22,3,1,1,1,correction-only,false-first,5,5,5,1,6,4,2,Yes,5,2
R_8tU3FQc2TTiEt57,28,3,1,1,1,correction-only,false-first,5,4,3,2,4,4,5,Yes,3,1
R_3jd4FlsCyJepVkk,22,2,1,1,1,correction-only,false-first,5,4,2,4,2,4,3,Yes,4,3
R_1PUImtzSSWS5SXt,34,2,1,1,1,debunk,false-first,4,4,3,4,4,4,5,Yes,5,4
R_1N8KHyY2otCgFZu,34,4,1,1,1,misinfo-only,false-first,8,2,5,3,3,5,1,No,,
R_SOZwLI1ba74UzSN,34,3,1,1,1,misinfo-only,false-first,4,6,3,2,3,4,3,Yes,3,1
R_2QxIpVfkXtitDy3,32,2,1,1,1,debunk,true-first,5,3,2,2,2,2,4,No,,
R_2azNXFgn2cdhbxV,36,3,1,1,1,debunk,false-first,4,5,1,1,2,2,4,Yes,2,1
R_1oaH2pawvBqXAqc,48,4,1,1,1,misinfo-only,true-first,3,4,3,5,6,4,3,Yes,4,2
R_1MR3NUWfKyaHKAd,23,2,1,1,1,debunk,true-first,3,4,1,4,1,4,1,Yes,4,3
R_2tkWJDLji2smUfz,30,2,1,1,1,debunk,false-first,5,3,1,2,1,1,5,Yes,4,2
R_3fJDhh72y5RkVEU,29,3,1,1,1,misinfo-only,false-first,3,6,1,1,1,1,1,Unsure,,
R_2AQCrDINDGahVw3,31,3,1,1,1,correction-only,true-first,2,6,7,4,7,4,1,No,,
R_1yLbcFGLr9XwGJj,28,4,1,1,1,debunk,true-first,4,4,6,7,4,2,5,Yes,4,3
R_3Gd1JMwDZdJ0ho6,35,1,1,1,1,debunk,true-first,5,2,1,1,5,4,5,Yes,4,3
R_3hARkLv7xGnnIkV,22,2,1,1,1,debunk,true-first,5,1,1,2,1,1,4,Yes,6,3
R_OrKGV4jLFmTl46B,38,3,1,1,1,debunk,true-first,5,5,1,3,2,1,3,Yes,4,3
R_11j6Owg3BiB0Pw8,19,3,0,1,0.5,misinfo-only,true-first,4,2,2,3,4,4,2,Yes,3,2
R_2pQud4GmwKfKbfF,36,3,1,1,1,misinfo-only,true-first,2,5,1,1,1,2,4,No,,
R_xbInA1d6aUREVB7,23,3,1,1,1,correction-only,false-first,2,5,2,1,3,4,6,Yes,6,4
R_3no74IpC7tMQaxO,24,2,1,1,1,misinfo-only,true-first,3,5,2,4,3,4,6,Yes,6,3
R_3J5kd2yPuyi4L3u,29,2,1,1,1,correction-only,true-first,5,4,1,4,2,3,2,Yes,5,3
R_23gH2j5iEi054J8,38,3,1,1,1,correction-only,true-first,5,5,2,1,5,6,7,No,,
R_1OoECwuy5hJ3ppX,36,1,1,1,1,debunk,true-first,5,1,2,2,1,2,2,No,,
R_2an9cS0EMIOMGwD,29,2,1,1,1,correction-only,false-first,6,4,5,3,5,4,3,Yes,5,3
R_3J7S19Dqu5Iw6CK,31,3,1,1,1,debunk,true-first,2,6,1,7,1,1,3,Yes,3,1
R_2AYYYmBZKSo5wiG,18,1,1,1,1,correction-only,true-first,3,5,1,2,1,1,1,Yes,4,3
R_XizOAHg5huQBA3f,26,2,1,1,1,debunk,true-first,5,4,2,4,2,2,2,No,,
R_2Sk15Ip52jJeV3G,23,1,1,1,1,debunk,true-first,4,4,1,2,2,1,5,No,,
R_2DLzFD6fO3S91nD,21,2,1,1,1,correction-only,true-first,3,4,1,4,2,5,2,No,,
R_2WGy1qyeaQ5cK9z,20,3,1,1,1,correction-only,true-first,3,4,1,1,1,1,5,Yes,1,1
R_PRT3zWafdDwpEQx,52,1,1,1,1,debunk,false-first,5,4,1,2,1,1,2,Yes,5,4
R_1IHqJ8NFgvTRhfL,41,1,1,1,1,misinfo-only,true-first,6,2,1,2,1,1,2,No,,
R_b2cqnV0s7cA9pV7,46,1,1,1,1,debunk,false-first,5,5,1,1,1,1,2,Yes,2,1
R_UXV72vhEpXUep0t,57,3,1,1,1,misinfo-only,false-first,5,3,1,2,1,1,4,No,,
R_1FDm1mC4LsC4iTh,26,4,1,1,1,correction-only,false-first,5,4,1,4,4,4,1,Yes,4,3
R_2cwpE3qLSXebqW2,27,2,1,1,1,misinfo-only,false-first,5,6,1,3,2,1,5,Yes,5,4
R_2OHZhs7J4ENbERq,19,1,0,1,0.5,misinfo-only,true-first,3,2,1,3,1,2,2,Yes,5,4
R_XOkrmBqBj6op0C5,39,5,1,1,1,misinfo-only,false-first,2,4,4,3,6,4,4,Yes,4,2
R_1QAsqi56TwjOISf,48,3,1,1,1,debunk,true-first,5,4,3,2,2,4,3,No,,
R_2ZUBJj80BuGErFy,35,2,1,1,1,misinfo-only,false-first,4,2,2,4,4,4,5,No,,
R_3dKSTkfEjNxXqw1,25,3,1,1,1,correction-only,true-first,5,4,2,4,2,4,7,No,,
R_28BYExybsao0rpG,34,2,1,1,1,correction-only,false-first,6,4,1,1,1,1,1,No,,
R_veKq7t4sK3lfiKd,54,4,1,1,1,misinfo-only,false-first,5,5,4,4,5,6,5,No,,
R_1FFf85LQ6MYyuBO,24,2,1,1,1,misinfo-only,false-first,5,5,1,4,2,2,1,Yes,5,4
R_1pGAMchmUEJSF18,25,1,1,1,1,misinfo-only,true-first,5,1,1,1,1,1,3,No,,
R_12hwbxrMWmMw7os,22,5,1,0,0.5,correction-only,false-first,4,7,3,4,6,1,2,Yes,5,3
R_110F9PXbFVMMJU0,19,3,1,1,1,misinfo-only,false-first,3,4,3,2,5,4,5,Yes,5,4
R_O2lhq7qbqdri4g1,26,3,1,1,1,debunk,false-first,3,4,1,2,1,1,3,No,,
R_1jcZqSYXMswfX7t,53,2,1,1,1,correction-only,false-first,5,5,2,3,2,3,5,Yes,3,3
R_VPbKvlzvNY81mql,40,3,1,1,1,debunk,true-first,5,2,1,1,1,1,1,Yes,2,1
R_1g8uslKbnNJIAIF,36,3,1,1,1,misinfo-only,false-first,5,6,2,4,4,2,5,Yes,3,2
R_AMXJwAmJ9ph4I93,20,4,1,1,1,debunk,true-first,2,4,2,2,1,4,5,Yes,5,3
R_1Fr0PpLbIQg4F4G,52,1,1,1,1,misinfo-only,false-first,5,1,1,1,1,1,1,Yes,3,3
R_3iyAo8rMyupu8Rv,31,1,1,1,1,debunk,true-first,5,5,1,2,1,5,1,Yes,3,4
R_2wh5xtjA0OUToR1,20,1,1,1,1,misinfo-only,false-first,3,4,3,4,2,4,5,Yes,5,3
R_SV3HwJDDeN4ALYJ,49,6,1,1,1,misinfo-only,true-first,5,5,3,2,3,4,3,Yes,3,3
R_3k4ZUuYhxUUjpUI,68,5,1,1,1,debunk,false-first,3,6,6,5,6,6,4,No,,
R_3kjKxCXl4qey747,53,2,1,1,1,debunk,true-first,3,4,1,2,1,1,5,No,,
R_21pK90F9zVlmHx3,57,2,1,1,1,misinfo-only,true-first,5,4,1,6,4,1,4,Yes,2,2
R_2R83meO6tbJ7bzK,76,2,1,1,1,misinfo-only,false-first,5,4,1,1,1,1,4,No,,
R_zSUVxfD4zCk62Xf,31,3,1,1,1,misinfo-only,true-first,6,4,3,4,1,1,4,No,,
R_12EXFzROsS10uCL,22,3,1,1,1,debunk,false-first,5,3,5,3,3,4,5,Yes,3,3
R_plypaDjDquWhWlr,32,4,1,1,1,correction-only,true-first,6,4,2,2,3,5,4,Yes,4,2
R_27HT67E0dcru1ww,28,3,1,1,1,debunk,false-first,5,2,3,2,3,4,2,No,,
R_2pLWyiUjQsiYgqt,24,3,1,1,1,misinfo-only,true-first,5,4,1,3,2,1,1,Yes,2,1
R_1LiFMcHZJIeWHrg,21,1,1,1,1,correction-only,false-first,3,4,1,2,1,1,1,Yes,6,4
R_33eZqbHNhzVJTeF,30,4,1,1,1,misinfo-only,false-first,3,2,3,4,6,4,5,Yes,3,1
R_4OuCawReyuhuMAp,27,2,1,1,1,debunk,false-first,6,4,6,4,4,1,2,No,,
R_1rwbLeenbK9cnSI,26,3,1,1,1,correction-only,true-first,5,4,2,3,5,2,4,Yes,4,3
R_1roxdNiTGij7lCk,23,2,1,1,1,debunk,true-first,5,5,2,1,1,4,2,Yes,5,4
R_30wNpDFgq1r1oBn,21,5,1,1,1,misinfo-only,true-first,3,4,2,1,4,4,1,Yes,5,3
R_11dXfoerPGZa1wo,27,2,1,1,1,misinfo-only,false-first,5,4,2,3,2,1,2,Yes,6,3
R_a5DcEdTeXwXYSkN,37,1,1,1,1,correction-only,true-first,5,4,1,4,1,1,1,No,,
R_3HOL6Vdesb43gbm,27,1,1,1,1,debunk,false-first,5,5,2,3,4,2,5,Yes,4,3
R_2P7fF5AmV2yD3et,23,1,1,1,1,debunk,false-first,5,4,1,1,1,2,2,Yes,5,4
R_3KQ7aDMsXjcTLdq,36,4,1,1,1,misinfo-only,true-first,4,5,5,4,7,4,5,No,,
R_tXMHaTfasphd2Rb,39,5,1,1,1,debunk,true-first,3,4,1,4,2,4,1,Yes,2,1
R_tWFnhTg0FfE6xy1,28,4,1,1,1,correction-only,true-first,5,7,1,7,7,7,7,No,,
R_2QtyGVnQWidIcGT,38,2,1,1,1,debunk,true-first,5,4,2,3,2,2,2,No,,
R_3ix5g43FilT3OGs,25,2,1,1,1,debunk,false-first,2,1,2,4,2,2,4,No,,
R_XwjXWzPXGo3hwOJ,41,3,1,1,1,misinfo-only,true-first,4,4,2,4,2,4,6,Yes,4,3
R_6xk667sLuQECVfr,23,2,1,1,1,misinfo-only,true-first,5,2,1,4,1,2,1,Yes,4,4
R_11jc7JzcfebFlyX,24,2,1,1,1,correction-only,true-first,5,6,2,5,1,1,3,Yes,5,3
R_1QMHZAl9vjICl0s,19,3,1,1,1,debunk,false-first,2,4,2,4,3,4,2,Yes,4,3
R_2zZKWQrPVFMFSmi,28,1,1,1,1,misinfo-only,true-first,6,1,1,3,1,1,1,No,,
R_3EMrUviygI47NZg,18,2,1,1,1,debunk,false-first,3,4,4,4,4,4,6,Yes,5,3
R_3sv6E0VXcyriOXZ,22,1,1,1,1,misinfo-only,false-first,5,4,1,1,1,1,4,Yes,5,3
R_1QmZyhoDPd8Yfcp,19,3,1,1,1,correction-only,false-first,2,5,2,2,5,2,5,Yes,3,2
R_1Qir53xA0TXOHoJ,28,1,1,1,1,misinfo-only,false-first,7,1,1,1,1,1,1,No,,
R_1mQTNfMy8OF7VTm,53,2,0,1,0.5,debunk,false-first,5,6,2,4,2,1,4,No,,
R_1mxxlmXLlVkMxeR,34,1,1,1,1,misinfo-only,true-first,3,6,2,4,4,4,6,Yes,3,2
R_3p51Syh90XSUOiC,49,3,1,1,1,debunk,false-first,5,4,2,4,1,1,1,No,,
R_2RRjf44L5t2xPAk,18,3,1,1,1,correction-only,false-first,3,3,5,2,1,4,5,No,,
R_2CpugXFbfvwcXpo,30,2,1,1,1,misinfo-only,false-first,5,3,2,2,2,4,5,Yes,3,2
R_WBA5JbmQfr3sxlD,75,4,1,1,1,debunk,false-first,3,2,1,2,1,1,3,No,,
R_3D7uwHK4kLzwmdH,40,2,1,1,1,misinfo-only,true-first,8,4,1,1,1,1,4,No,,
R_0DOfiyAJHF3nUoF,23,4,1,1,1,misinfo-only,false-first,2,5,5,2,4,1,2,Yes,5,3
R_SV2q7Ll078z09CF,34,5,1,1,1,debunk,true-first,5,4,5,2,4,5,2,No,,
R_oXEQARspj3hXWCZ,50,4,1,1,1,correction-only,false-first,5,4,5,2,2,4,5,No,,
R_1JK2X46JecV9gwg,50,4,1,1,1,misinfo-only,false-first,5,6,5,3,5,4,5,No,,
R_2tneZPl22vGRKMh,26,1,1,1,1,correction-only,false-first,3,1,1,7,1,1,1,Yes,3,3
R_YWZD9gyFOMUHAYN,29,4,1,1,1,correction-only,true-first,5,4,3,5,6,6,4,No,,
R_3envsUzpfZnqt5w,69,3,1,1,1,correction-only,false-first,3,6,1,2,2,2,4,No,,
R_qzrK3P2Iy0M54oV,27,2,1,1,1,debunk,true-first,3,5,1,4,1,1,4,Yes,5,3
R_2dZ09uAmWsZBxdH,23,4,1,1,1,correction-only,true-first,4,4,2,4,5,5,4,Yes,2,1
R_2t4JlOKLvqTJPyY,66,6,1,1,1,debunk,true-first,2,4,1,4,6,5,6,No,,
R_3fluSGPsTS8ZHAu,39,3,1,1,1,misinfo-only,true-first,5,5,2,4,5,2,5,Yes,4,2
R_1mVqys3M8XhJD0C,30,2,1,1,1,correction-only,false-first,5,4,1,4,2,4,4,Yes,5,3
R_1NsPalCzNw9Be7g,34,3,1,1,1,misinfo-only,true-first,5,4,1,1,2,1,4,Yes,2,1
R_3LXBETPJqv9qUAC,55,5,1,1,1,correction-only,false-first,5,3,1,3,2,5,6,Yes,5,3
R_3fE5rll0LfOfl7W,39,2,1,1,1,correction-only,false-first,2,2,1,1,2,1,3,No,,
R_qzlciLjV3B00avD,33,2,1,1,1,debunk,false-first,5,1,1,2,1,2,5,Yes,2,2
R_2S9tQAUAftr2Bhj,34,1,1,1,1,misinfo-only,false-first,5,1,1,2,1,1,3,Yes,4,3
R_3Mh8p3ppGpu6T88,72,1,1,1,1,correction-only,true-first,5,4,2,2,2,4,4,Yes,2,3
R_12Gzul5TS0GZj5q,38,3,1,1,1,debunk,false-first,7,2,1,2,6,4,5,Yes,4,3
R_3g1kMQe5hr0duJ6,39,1,1,1,1,misinfo-only,false-first,4,2,1,2,1,1,4,Yes,5,5
R_b2wVIK9M5n0qbjr,42,1,0,1,0.5,debunk,true-first,4,6,2,1,5,4,6,Yes,2,2
R_3NBWRHYHUP9P2UE,29,2,1,1,1,debunk,false-first,8,2,1,1,2,1,5,No,,
R_3NWd9p9ni14oAcp,24,2,1,1,1,correction-only,false-first,1,7,3,1,7,4,4,Yes,4,3
R_22JRJN9lw2lTOfP,32,2,1,1,1,misinfo-only,true-first,5,5,1,1,1,2,1,Yes,4,4
R_r8h30cpur0Ozzl7,49,4,1,1,1,debunk,false-first,5,4,1,1,1,4,2,No,,
R_1IM2f7O9nYJis9x,22,1,1,1,1,misinfo-only,false-first,5,4,1,2,1,4,1,Yes,5,4
R_1Ihh0Cr9LjaJ2vS,20,1,1,1,1,correction-only,false-first,2,4,1,3,1,4,2,Yes,5,3
R_2pKzyzt15PhuTlZ,52,3,1,1,1,misinfo-only,true-first,5,5,3,4,4,6,5,Unsure,,
R_3fIhZteAfDKQrlt,19,1,1,1,1,debunk,false-first,3,4,1,4,1,4,2,Yes,6,3
R_2pM15JoanWKZliI,20,2,1,1,1,correction-only,false-first,2,4,2,4,1,1,1,No,,
R_3eqvU2ifxtYcxNE,19,3,1,1,1,correction-only,true-first,4,4,1,4,2,4,1,No,,
R_exGNe6AeWQjfGBr,43,1,1,1,1,correction-only,true-first,5,2,1,2,1,1,4,Yes,5,4
R_33jzFX2fpYo1Wn9,23,2,0,1,0.5,misinfo-only,true-first,6,1,1,1,1,1,1,Yes,5,5
R_3fxh41WwryfT7Xd,69,2,0,1,0.5,debunk,false-first,6,4,2,5,2,2,4,Yes,4,1
R_2qmG5i6RgjI24ig,23,2,1,1,1,debunk,true-first,3,4,2,2,1,4,4,No,,
R_3meffxa9JA8kqol,19,4,1,1,1,debunk,false-first,2,5,1,4,2,5,4,Yes,2,1
R_u4dRAHWyu37IFUd,26,2,1,1,1,correction-only,false-first,6,4,1,2,1,4,2,Yes,5,3
R_UmdZsYrjWc31whH,24,1,1,1,1,correction-only,false-first,3,1,1,1,1,1,1,Yes,2,2
R_1eqwNJenE0zSlmw,51,1,1,1,1,correction-only,true-first,6,5,1,2,1,1,2,Yes,5,4
R_2VfDct6BGF3n4eB,20,3,1,1,1,correction-only,false-first,2,6,2,4,4,4,6,Yes,4,3
R_3gRyS7u5D05V74S,52,3,1,1,1,correction-only,true-first,6,6,4,4,5,4,3,Unsure,,
R_umNIHez3VzKnDq1,55,3,1,1,1,debunk,true-first,5,6,1,1,1,1,6,Yes,4,3
R_8bLaEVajdymFfQ5,31,2,1,1,1,debunk,false-first,6,5,1,2,1,1,1,No,,
R_2a9K49RRFC8mRdD,47,4,1,1,1,debunk,false-first,3,4,3,3,6,5,4,No,,
R_AbouavVkYZjL6Kt,24,2,0,1,0.5,debunk,true-first,5,4,4,4,4,4,5,Yes,3,3
R_PAoaoKi1dw0QwZb,34,1,1,1,1,correction-only,false-first,3,3,1,2,1,2,4,Yes,3,3
R_1jYOXjXE6FWa4Qt,34,3,1,1,1,misinfo-only,true-first,5,4,1,4,3,4,6,No,,
R_3dGnVQGtZMjICVI,38,1,1,1,1,misinfo-only,true-first,3,4,1,1,1,2,3,Yes,5,4
R_2QM1Hh1evcl4VkM,36,3,1,1,1,correction-only,false-first,3,5,1,2,2,1,1,Yes,2,2
R_1OqoVjFqghPnHel,27,3,1,1,1,misinfo-only,true-first,5,4,1,2,2,3,5,Yes,2,1
R_1GUjhbX6bzvDVAZ,23,3,1,1,1,correction-only,false-first,5,4,1,4,1,3,5,Yes,2,1
R_vME4W6nNsEgTTfH,27,2,1,1,1,debunk,false-first,5,3,2,2,2,2,4,No,,
R_2vcSJhbAsNGvlyQ,40,3,1,1,1,debunk,true-first,5,4,1,4,1,1,2,No,,
R_2uJbem52U23qQ5t,25,5,1,1,1,correction-only,false-first,4,4,3,6,6,6,2,Yes,5,5
R_3gY3q5jHfhYRIWK,20,3,1,1,1,misinfo-only,true-first,3,4,3,2,1,1,6,Yes,5,4
R_3kgK0XngJrTUObV,25,1,1,1,1,debunk,false-first,5,4,1,1,2,1,2,Yes,4,2
R_8IfURHOlE9GdQoV,37,2,1,1,1,correction-only,true-first,6,5,1,2,1,1,1,Yes,4,2
R_3prpwBhct7Hm6il,35,5,1,1,1,misinfo-only,false-first,5,4,3,4,3,4,6,No,,
R_2ceeE5QVuV4T8RM,36,4,1,1,1,misinfo-only,false-first,4,2,6,3,6,5,1,Yes,3,3
R_3PC7h4fTJSVnoSV,26,3,1,1,1,misinfo-only,true-first,8,3,1,2,2,1,2,Yes,5,3
R_3lRXF2u3y3DrfT2,21,2,1,1,1,correction-only,false-first,2,4,1,2,1,1,1,Yes,6,5
R_xhMNfsL6IfrdCqB,51,1,1,1,1,debunk,true-first,5,4,1,1,1,1,4,No,,
R_eY7I1gy3CWcq9HP,22,4,1,1,1,misinfo-only,false-first,3,3,4,4,3,5,2,No,,
R_1OB1T4e2N5Dg2jO,25,4,1,1,1,misinfo-only,true-first,4,4,4,4,4,4,4,Yes,3,1
R_2QJxylN5LRwFNXf,42,4,1,1,1,correction-only,true-first,4,4,2,2,2,2,4,No,,
R_2vkz2rkYBD0bM28,40,3,1,1,1,debunk,false-first,4,3,1,2,1,2,1,Yes,5,4
R_2v1A4uGk1jvVno7,32,4,1,1,1,misinfo-only,true-first,4,6,4,6,4,5,3,Yes,3,1
R_dcfDQuNOumkx9dL,32,4,1,1,1,misinfo-only,true-first,5,6,2,5,2,4,5,Yes,6,4
R_240FZ9F3fUihkIN,30,6,1,1,1,debunk,true-first,4,6,1,1,5,1,5,Yes,5,4
R_2Wu6caGFzugfV1O,35,1,1,1,1,correction-only,false-first,3,4,1,4,1,4,2,Yes,3,3
R_1kYzAbLdPRC8U3z,27,2,1,1,1,debunk,false-first,5,3,3,3,3,3,5,Yes,2,1
R_T7uxtZ2Xk3PzSCJ,21,2,1,1,1,correction-only,true-first,3,2,1,1,1,1,3,No,,
R_Wv8FOuhQ3moKCAh,33,1,1,1,1,misinfo-only,false-first,5,3,1,4,1,1,1,Yes,5,4
R_2adoknbUGIrPBMB,50,4,1,1,1,correction-only,true-first,3,4,1,2,7,4,7,Yes,5,5
R_33r0oBLKrs3WOGr,20,1,1,1,1,misinfo-only,true-first,2,4,1,4,1,4,3,Yes,5,3
R_3lyk96huYOYrMzn,31,3,1,1,1,misinfo-only,false-first,3,3,1,4,1,4,5,No,,
R_2qe055WZcpyVikx,24,2,1,1,1,correction-only,false-first,5,2,2,3,2,1,1,Yes,5,2
R_24COX6e5FSnu4DN,25,2,1,1,1,misinfo-only,true-first,5,4,3,6,3,4,1,Yes,5,3
R_AoBqTILDuN1nQ1H,21,4,1,1,1,misinfo-only,true-first,5,2,5,4,5,4,2,Yes,4,3
R_9XCBDeHNNf2mxQ5,26,1,1,1,1,misinfo-only,true-first,3,4,2,2,2,2,4,No,,
R_3JFe4pnV4r399iT,58,5,1,1,1,correction-only,true-first,5,2,1,4,2,2,5,No,,
R_3MlMX7Bfi95lB7z,20,2,1,1,1,debunk,true-first,2,4,1,2,1,2,1,Yes,3,2
R_RlBbeBAdvSbgSZz,33,1,1,1,1,correction-only,true-first,5,1,1,1,1,1,1,No,,
R_2OW5YEPvw9qCQHN,24,1,1,1,1,misinfo-only,true-first,5,4,1,4,1,4,1,Yes,4,3
R_WBAHHtj7stoCXm1,25,3,1,1,1,misinfo-only,false-first,2,4,2,3,3,4,4,No,,
R_9SGMN6KKm69VaIp,71,3,1,1,1,debunk,true-first,6,2,1,1,1,1,1,No,,
R_24vpCbI6IFr1Z4X,25,2,1,1,1,correction-only,false-first,5,1,1,1,1,1,1,Yes,4,3
R_31yqNnAvH7n8fTt,31,5,1,1,1,correction-only,false-first,2,4,3,4,5,4,2,No,,
R_rp474ZWtJBdGNkR,51,1,1,1,1,debunk,true-first,4,5,1,2,1,1,1,No,,
R_DTW5XankM25F7ax,28,2,1,1,1,misinfo-only,true-first,5,4,2,5,3,4,5,Yes,5,4
R_2QPCfRdsNKVsaCq,46,4,1,1,1,correction-only,true-first,8,1,3,3,6,6,5,Yes,5,4
R_3eet2h1Cm9HcYMk,29,1,1,1,1,debunk,false-first,6,4,2,4,2,2,2,Yes,2,2
R_3iO0zunjKrPekYb,29,1,1,1,1,correction-only,false-first,5,2,1,3,1,1,2,No,,
R_7QdJqH9qbmhq9cB,21,2,1,1,1,misinfo-only,false-first,3,5,1,4,1,4,5,No,,
R_2sZsgQ5anXcN0g5,38,3,1,1,1,correction-only,false-first,2,1,1,1,1,1,3,No,,
R_aa8ih0c60pelHMd,36,1,1,1,1,misinfo-only,true-first,6,5,1,2,1,1,2,Yes,4,3
R_30wYncNdMQIhaxn,18,3,1,1,1,debunk,false-first,2,2,2,2,2,4,5,Yes,6,5
R_1gLQGegOStcRy2L,50,4,1,1,1,correction-only,false-first,4,6,1,2,1,4,6,Yes,4,3
R_3Eoo5wlbUWitNUB,21,2,1,1,1,misinfo-only,true-first,3,4,1,4,1,2,6,Yes,5,5
R_vuDpe9YJVTs2IKd,29,2,1,1,1,misinfo-only,true-first,5,4,1,4,4,4,5,Yes,4,4
R_2roNnVNoT4cGxu5,64,1,1,1,1,correction-only,true-first,5,7,1,1,1,1,5,Yes,5,5
R_1FPx8R2LRlsuuVm,22,4,1,1,1,misinfo-only,true-first,3,5,3,6,3,5,3,Yes,5,4
R_zeEMSDFnNpjhYC5,30,1,1,1,1,misinfo-only,true-first,5,4,1,2,1,1,3,No,,
R_3HOn3ujU3ebdp6b,28,3,1,1,1,debunk,false-first,5,4,5,3,5,1,5,Yes,5,3
R_1rqWCeGJcKDvcK2,26,3,1,1,1,debunk,true-first,4,5,6,4,2,4,6,Yes,5,4
R_2bODgD7EuJ67idf,36,2,1,1,1,debunk,false-first,7,4,1,3,2,2,4,No,,
R_2V30oA3cZg3zCsw,55,1,1,1,1,misinfo-only,false-first,6,2,1,1,1,4,1,Yes,4,4
R_OptGKEy75mJxBBv,27,3,1,1,1,misinfo-only,true-first,8,5,2,3,2,1,2,No,,
R_ykHLRJMaMWwWa1r,60,2,1,1,1,debunk,true-first,6,5,7,4,3,1,2,Yes,3,3
R_3Jf8VGBd7FtGOA2,35,3,1,1,1,debunk,false-first,3,6,2,4,4,6,4,No,,
R_1otMeGw4DR10mpO,32,2,1,1,1,correction-only,true-first,5,7,1,3,1,2,6,Yes,4,2
R_3g020crWlpkff66,25,2,1,1,1,misinfo-only,true-first,5,4,1,4,2,4,5,Yes,3,2
R_ulwYeM9XBxgZgLn,60,4,1,1,1,correction-only,true-first,3,2,5,2,6,4,2,No,,
R_1C3EygntcBjAE71,30,3,1,1,1,debunk,true-first,8,3,1,1,1,2,2,Yes,4,3
R_3dXQxFXRqOmspQo,55,2,1,1,1,correction-only,true-first,4,2,1,1,1,1,1,Yes,3,2
R_2fdmskLwRLneu5R,46,1,1,1,1,correction-only,true-first,3,2,2,2,1,2,2,No,,
R_2rC4mPucfBxrzcJ,19,3,1,1,1,misinfo-only,true-first,2,4,4,2,4,4,6,Yes,4,2
R_2awSwZ71GcnVcdV,38,4,1,1,1,misinfo-only,true-first,5,6,2,2,6,6,6,Yes,4,1
R_YVwqXQgacKydPfb,62,3,1,1,1,misinfo-only,false-first,5,7,1,4,2,2,6,No,,
R_RE9ZObAiBdidETD,25,1,1,1,1,correction-only,false-first,3,1,1,1,1,1,1,Yes,3,2
R_2CJSKkD2XuYjgAb,35,3,1,1,1,misinfo-only,false-first,5,4,2,6,6,4,2,Yes,4,3
R_3ExIJQ7zp3i6llT,38,1,1,1,1,correction-only,false-first,6,5,2,2,1,3,4,Yes,3,1
R_1qggkyrHT8qxguF,31,2,1,1,1,debunk,false-first,6,2,1,2,2,1,6,Yes,5,3
R_2U2QnpM5B19y3tX,46,4,1,1,1,debunk,true-first,4,3,2,3,4,5,4,No,,
R_1mKMqKXPDBiJDXC,29,4,1,1,1,debunk,false-first,4,4,2,3,2,2,4,No,,
R_2CHYbQ5kjBwJGBU,22,2,1,1,1,misinfo-only,true-first,5,1,1,1,1,1,2,Yes,5,3
R_2dF0zPsOae9DhSu,22,1,1,1,1,correction-only,true-first,5,2,2,3,2,4,4,Yes,3,3
R_2VJCpgtHsg6lRZU,41,3,1,1,1,misinfo-only,false-first,6,5,2,2,2,6,2,Yes,4,2
R_22Rj8TRS0vdsyee,29,4,1,1,1,correction-only,true-first,5,3,2,4,3,1,4,No,,
R_2cq6aBF1J2kPpZH,28,5,1,1,1,correction-only,true-first,5,5,1,2,2,6,5,Yes,4,3
R_31KKKhmpQbKUc65,28,4,1,1,1,debunk,true-first,5,3,2,4,4,4,5,No,,
R_3dWx3Jb1o8vMP6j,32,3,1,1,1,misinfo-only,true-first,6,3,1,2,2,3,1,Yes,3,4
R_3njir43dcictbjI,26,1,1,1,1,misinfo-only,true-first,5,5,1,2,1,1,1,No,,
R_DHL1TyLKGGaeO0V,52,3,1,1,1,debunk,false-first,2,4,1,2,1,4,4,No,,
R_09xzZqPgSErZu6Z,35,3,1,1,1,correction-only,false-first,3,4,4,1,4,1,4,Yes,1,1
R_XXiPKwA7VhsGWyZ,22,2,1,1,1,correction-only,false-first,3,4,2,3,2,4,5,Yes,4,3
R_2y2QdRlkUdoZCMs,26,5,1,1,1,debunk,true-first,5,4,5,2,7,4,1,Yes,6,3
R_0SS9Tn77diE7GVP,55,2,0,1,0.5,debunk,false-first,3,1,1,4,1,1,1,Yes,3,4
R_8dGn0JVgVeA2YV3,20,4,1,1,1,debunk,false-first,2,3,2,1,2,4,1,Yes,3,1
R_2aFDzRoYHpVm4Zv,52,2,1,1,1,misinfo-only,false-first,6,2,1,3,1,1,4,Yes,5,4
R_R4fNRtizukTGKNX,23,1,1,1,1,debunk,false-first,2,6,1,4,1,2,5,Yes,5,5
R_3qagGD0i5ycAjsR,28,2,1,1,1,correction-only,true-first,5,5,2,2,2,2,2,No,,
R_1IooNUgTURlkala,32,2,1,1,1,debunk,true-first,5,4,1,6,6,1,6,Yes,5,5
R_0wZEXVGRmY26K9r,56,3,1,1,1,debunk,false-first,5,5,1,2,1,3,5,Yes,3,3
R_2720j5Hbwp8xcQU,32,3,1,1,1,debunk,true-first,6,4,2,3,2,1,3,No,,
R_1Or8MN7YnvpPbRv,30,3,1,1,1,correction-only,true-first,5,3,2,4,3,4,3,No,,
R_22lfffLEFfzrX7v,19,3,1,1,1,debunk,true-first,2,5,3,4,3,4,6,Yes,5,3
R_3KW3P5DC4uZKeB2,29,1,1,1,1,debunk,true-first,5,3,1,2,2,1,2,No,,
R_3kA5qEpqSsiOSKY,60,2,1,1,1,correction-only,false-first,5,2,2,5,1,5,1,No,,
R_2aLkw4M6yUGnjX3,58,4,1,1,1,correction-only,false-first,6,5,4,1,7,4,5,No,,
R_ypTYzqUIBbwY41z,41,1,1,1,1,debunk,false-first,4,5,1,4,1,1,4,Yes,5,3
R_3jSanhatfBlX8lz,37,2,1,1,1,debunk,true-first,2,3,1,2,2,2,5,Yes,3,3
R_1pxms8mUc83KKwZ,31,3,1,1,1,misinfo-only,true-first,3,7,1,4,4,1,7,Yes,3,1
R_2CPVUGANdAaB4Fq,24,3,1,1,1,debunk,false-first,5,4,4,3,2,4,5,Yes,4,3
R_1BPdWyptivTy1HQ,21,4,1,1,1,correction-only,false-first,2,5,1,4,4,4,5,Yes,4,3
R_3HpgVCs0skzW2Se,20,2,1,1,1,correction-only,false-first,3,6,1,4,4,4,4,Yes,6,4
R_qIWf3L9eFHM6dTX,35,3,1,1,1,correction-only,false-first,5,4,3,4,3,4,5,Yes,3,3
R_vDAH92ZEq8RZPEd,25,3,1,1,1,correction-only,false-first,5,4,2,4,2,4,3,Yes,3,4
R_1f9Kg0iuPxbWoSm,21,2,1,1,1,debunk,true-first,3,3,2,4,2,4,5,Yes,5,4
R_1rBVLF8VDZQ2Szp,41,6,1,1,1,debunk,false-first,4,6,2,3,4,3,5,Yes,3,3
R_2uvnkmSAmB4L4gD,27,2,1,1,1,correction-only,true-first,6,4,2,3,2,4,4,Yes,4,3
R_Dx8gkBM1jsa4jVn,57,2,1,1,1,misinfo-only,false-first,3,5,1,4,4,2,4,No,,
R_3HS9OlrJ523Sznl,34,2,1,1,1,debunk,false-first,5,4,1,4,2,2,3,Yes,3,3
R_RlUFw96qLGf9Wql,26,1,1,1,1,misinfo-only,false-first,2,1,1,1,1,7,7,Yes,4,3
R_uenqvEncxd74ygp,33,2,1,1,1,misinfo-only,false-first,5,6,5,4,5,2,5,Yes,2,1
R_3fGXL0zFOlRptqf,21,2,1,1,1,correction-only,false-first,5,4,2,4,4,4,5,Yes,5,3
R_2a8H79rBa8KFXYm,20,2,0,1,0.5,correction-only,true-first,3,1,1,2,3,2,1,Yes,5,3
R_1NmP5v2PBckU5pf,31,6,1,1,1,debunk,true-first,2,5,5,4,6,2,2,No,,
R_aafUaeQeHu44Ymd,24,2,1,1,1,misinfo-only,true-first,5,1,1,1,1,1,4,Yes,5,3
R_3PLBLTyKrOngBLv,29,6,1,1,1,misinfo-only,false-first,2,7,7,7,7,7,5,Yes,2,5
R_2alCdA9LW7DcBIG,32,2,1,1,1,misinfo-only,false-first,8,4,2,2,1,1,3,No,,
R_C2kwmVKRRha6bWF,44,1,1,1,1,debunk,true-first,6,1,1,1,1,1,1,Yes,3,2
R_3rSYU04t2HJqQmJ,28,2,1,1,1,debunk,true-first,6,4,1,6,2,4,4,No,,
R_2wBJ2RnMMsOiRzM,71,4,1,1,1,debunk,false-first,4,4,3,3,2,4,5,No,,
R_5uxaNOxhSmAz1Fn,27,5,1,1,1,misinfo-only,false-first,2,4,4,4,4,4,4,Yes,6,3
R_30oS8z3nulHFa8h,29,3,1,1,1,debunk,false-first,3,5,1,1,1,4,1,No,,
R_BG8N7YAzh91F7Vv,27,2,1,1,1,misinfo-only,true-first,3,3,1,1,1,1,2,Yes,5,3
R_2BbW4yDtqqHNUs6,21,3,1,1,1,misinfo-only,false-first,2,5,6,2,2,4,2,No,,
R_pQ1wYb07o5J8xPz,38,3,1,1,1,correction-only,true-first,5,2,4,4,3,2,4,Yes,4,3
R_21uh5nPbzwdPuzI,54,1,1,1,1,correction-only,false-first,8,5,1,2,1,1,1,No,,
R_27sAImBhZUYiLNJ,25,2,1,1,1,correction-only,true-first,6,1,1,1,1,1,4,Yes,2,2
R_06qH5lPKTldwLw5,45,4,1,1,1,debunk,false-first,2,5,6,4,7,6,4,No,,
R_1KfBtJmTaAM0cda,25,3,1,1,1,misinfo-only,true-first,7,4,4,4,3,4,4,No,,
R_3Okcy5IYIUmX8kC,45,5,1,1,1,correction-only,true-first,2,2,3,4,5,2,4,No,,
R_6R1JbFuxYwiXjqh,26,3,1,1,1,correction-only,false-first,5,3,2,1,2,1,1,No,,
R_78MZmPAeqezzMwp,19,3,1,1,1,debunk,false-first,2,4,2,4,2,4,2,Yes,3,4
R_2WB9PyfQXNoEcH3,25,2,1,1,1,misinfo-only,true-first,5,5,3,3,5,5,3,Yes,5,4
R_3e9Lyto3KNx22eF,49,2,1,1,1,misinfo-only,false-first,3,4,2,4,2,4,4,No,,
R_86vEH6N3OGGeWQ1,35,3,1,1,1,misinfo-only,false-first,6,4,4,5,5,4,5,Yes,4,3
R_3eelUEP7PXA95mJ,23,2,1,1,1,correction-only,false-first,5,5,1,5,1,2,2,Yes,5,4
R_21cwiZ1nf3kavRp,32,2,1,1,1,debunk,true-first,6,2,2,2,2,2,2,No,,
R_ZHMct24VLCPfZOF,47,4,1,1,1,debunk,true-first,6,4,1,4,1,1,5,Yes,4,4
R_3qlMU6bZOGGLTsz,41,3,1,1,1,debunk,false-first,5,2,1,1,1,6,2,No,,
R_20OjHaXe30z7O5y,32,3,1,1,1,misinfo-only,false-first,5,2,1,1,4,4,4,Yes,5,4
R_3Ma6iV2ufHCuu6k,31,1,1,1,1,misinfo-only,false-first,5,2,1,1,2,1,6,No,,
R_2zl8wpZIkIiIQOn,55,4,1,1,1,debunk,true-first,6,2,2,1,2,2,6,No,,
R_324lrXtLpFDSIvB,23,2,1,1,1,correction-only,true-first,5,4,3,6,1,1,6,Yes,5,3
R_2B2IdXKZx2q9OMs,39,1,1,1,1,debunk,true-first,5,4,4,3,6,4,4,No,,
R_uyWhn5kdCO4TkMV,19,3,1,1,1,correction-only,false-first,2,4,2,3,2,4,5,Yes,4,2
R_3ml5EwfKAppLzq0,25,3,1,1,1,debunk,false-first,5,4,1,2,1,1,4,No,,
R_31Bqt219QOBAQkQ,27,2,1,1,1,misinfo-only,true-first,5,5,1,1,1,1,5,No,,
R_1NxHiMVpfaivqy4,23,2,1,1,1,misinfo-only,false-first,5,,1,1,1,2,5,Yes,5,3
R_3GeOa0gZCFbaoJg,33,1,1,1,1,misinfo-only,true-first,3,6,1,2,1,1,4,No,,
R_1LHHgEDFD8O5K4p,20,3,1,1,1,correction-only,true-first,3,2,2,2,2,2,3,Yes,4,3
R_R8BKgLgH45p2njr,27,3,1,1,1,misinfo-only,true-first,3,1,1,1,1,1,1,No,,
R_UbytWyh4owac7gR,21,1,1,1,1,debunk,true-first,5,4,1,4,2,4,6,Yes,5,3
R_1NCg3GVqplDgKma,30,1,1,1,1,correction-only,true-first,5,1,1,4,1,1,1,Yes,5,3
R_8B6AMPBDXDpXEMp,20,3,1,1,1,misinfo-only,true-first,4,4,2,4,4,4,4,Yes,4,2
R_2Yfx6f6dKteHvSC,20,3,1,1,1,misinfo-only,true-first,3,1,1,1,1,1,1,Yes,2,1
R_PTkgsCBvG3dCxnr,27,2,1,1,1,misinfo-only,true-first,4,5,6,6,6,4,5,Yes,5,4
R_Xicpq36dldEMMLL,20,4,1,1,1,misinfo-only,true-first,3,5,6,5,5,5,3,No,,
R_3LcBmY7aUY6tZF6,20,1,1,1,1,correction-only,false-first,3,2,2,4,1,1,2,Yes,5,3
R_1ib2OCROEqVyjt4,30,5,1,1,1,correction-only,true-first,5,3,4,1,4,6,6,No,,
R_Ptg5l7Dm2hcqbZL,63,2,1,1,1,misinfo-only,false-first,5,5,1,2,1,1,5,No,,
R_3mkFFbEHRq1RByw,20,2,1,1,1,debunk,true-first,3,4,1,4,2,4,2,Yes,5,3
R_3nDA6FDd1miJKMP,20,3,1,1,1,misinfo-only,false-first,4,4,2,3,3,4,5,Yes,5,3
R_XzGUhtBUwaZy7bH,20,1,1,1,1,correction-only,true-first,3,3,1,4,1,1,3,Yes,5,4
R_3KK0MvfUaTr4mVU,29,2,1,1,1,correction-only,true-first,2,1,1,2,1,1,1,No,,
R_232kVTUyV4FhZOx,20,3,1,1,1,misinfo-only,false-first,4,4,6,4,4,4,4,Unsure,,
R_diNhG3waHVQfv2h,46,1,1,1,1,debunk,true-first,5,7,1,1,2,3,5,Yes,4,2
R_b3qx5TKCd1M6GbL,35,2,1,1,1,misinfo-only,true-first,3,6,2,1,2,3,6,No,,
R_2V41BRBiPlsBUHN,32,2,1,1,1,debunk,true-first,4,3,3,3,2,2,4,No,,
R_ZLk09bDslznDVmx,23,4,1,1,1,debunk,true-first,5,4,4,5,3,4,2,No,,
R_3341SmuYw5nXQyu,24,4,1,1,1,correction-only,true-first,6,5,3,2,5,5,5,Yes,5,3
R_3NESzvk77xvEVv5,19,3,1,1,1,misinfo-only,false-first,3,4,2,4,5,3,5,Yes,4,3
R_2ya8pbftPpKmSvC,26,2,1,1,1,misinfo-only,true-first,5,4,2,2,3,4,5,Yes,5,3
R_cuwPvsI3U2nNoZz,56,1,1,1,1,debunk,true-first,6,4,1,1,1,1,6,Yes,2,2
R_1CcOBvI5DJiWvx7,67,2,1,1,1,misinfo-only,false-first,4,3,1,4,2,2,3,No,,
R_3jcde39e3bl4UtE,27,4,1,1,1,debunk,false-first,5,4,1,5,3,2,4,Yes,2,1
R_3hcJQ0WnMa2luei,60,4,1,1,1,debunk,true-first,2,5,2,5,6,6,4,Yes,4,4
R_2X4YU6klkjtke9P,28,6,1,1,1,misinfo-only,false-first,3,6,1,5,6,4,4,Yes,3,2
R_1ruFXtaPgyF02Ba,26,3,1,1,1,correction-only,false-first,5,4,5,4,4,4,2,No,,
R_29sHOmOcMAoNLSZ,49,3,1,1,1,correction-only,false-first,4,6,1,5,2,2,5,Yes,3,4
R_SK4u3AK1GWM0NZD,36,5,1,1,1,debunk,true-first,5,2,2,6,2,5,1,No,,
R_1K6AEovEbccpoLo,64,4,1,1,1,correction-only,false-first,2,5,3,2,5,5,3,No,,
R_1ey157IoERsPgBX,31,3,1,1,1,debunk,false-first,5,4,3,2,3,5,5,Yes,5,2
R_3NEc7pziJxM7Rjv,36,2,1,1,1,correction-only,true-first,5,4,1,1,1,2,1,No,,
R_0IK3ZMN4nouMqEV,49,2,1,1,1,debunk,true-first,5,6,1,1,1,1,6,No,,
R_33yFZvo8A5bKdj7,31,3,0,1,0.5,debunk,true-first,5,6,7,4,4,5,6,No,,
R_Xq5xocu8T0Jh3P3,21,2,1,1,1,debunk,false-first,3,4,2,3,2,2,2,Yes,5,4
R_3spmFmBPkULXWil,50,1,1,1,1,correction-only,true-first,3,4,1,4,1,1,4,Yes,1,1
R_3O3otZT5InBedWV,22,3,1,1,1,debunk,true-first,5,4,3,2,1,1,4,Yes,5,5
R_1mFrBGjgkfieSqT,52,3,1,1,1,correction-only,false-first,3,4,2,4,3,4,4,Yes,3,3
R_3sh2mdzUEBMPTJs,29,2,1,1,1,misinfo-only,false-first,6,4,1,1,1,1,5,Yes,3,1
R_1FnUQC09uinIsBT,24,3,1,1,1,correction-only,true-first,5,4,1,1,1,4,1,No,,
R_byjx0S3NpNJDnMZ,23,1,1,1,1,misinfo-only,false-first,2,3,1,2,1,2,1,No,,
R_erMGz9MBZ6X7XFv,24,4,1,1,1,correction-only,true-first,2,7,1,3,7,7,6,No,,
R_w778mUEzOonVmCZ,53,3,1,1,1,correction-only,true-first,5,2,1,1,1,1,2,Yes,3,3
R_2srLh3m8IX4a2IN,20,1,1,1,1,correction-only,false-first,3,6,2,3,2,4,1,Yes,5,3
R_5gRVbuhWtoZHYUV,24,4,1,1,1,misinfo-only,false-first,3,6,1,1,3,4,5,Yes,4,4
R_1jv913pkEJRIIbC,29,1,1,1,1,misinfo-only,true-first,5,5,1,3,2,3,4,Yes,6,4
R_29n0vsRf9ZiywYI,30,3,1,1,1,debunk,true-first,3,7,3,4,2,4,1,Yes,5,3
R_3Ea2jP6oz9Zra1J,34,3,1,1,1,misinfo-only,false-first,5,1,1,2,1,1,4,No,,
R_1N3A8NPaO9BUw79,22,3,1,1,1,correction-only,true-first,5,5,2,2,2,4,2,Yes,5,3
R_3CDfpFX9BGMuogg,35,3,1,1,1,correction-only,false-first,3,1,1,1,1,1,4,Yes,5,4
R_1Y5MHGZpwbCWVR7,35,3,1,1,1,correction-only,false-first,5,5,2,4,6,4,1,Yes,4,3
R_1QfRSt4tPSWxNFT,34,3,1,1,1,misinfo-only,false-first,3,4,1,2,3,2,5,Yes,2,2
R_2CqeKiSxauELxX4,29,3,1,1,1,debunk,true-first,5,4,1,4,2,4,2,No,,
R_3zc6mhoqWj0lcbv,21,2,1,1,1,debunk,false-first,5,1,1,1,1,2,1,Yes,4,2
R_yjVEArunXoFGi2J,26,1,1,1,1,correction-only,true-first,5,1,1,4,1,1,2,Yes,4,2
R_1rpLjZ4ZxFcMlVN,29,1,1,1,1,debunk,true-first,5,2,1,4,1,1,5,Yes,3,1
R_xn0nYBHIHtvc4rD,56,1,1,1,1,debunk,false-first,3,7,1,1,1,1,6,No,,
R_suo5Fg3YAUkNzK9,49,2,1,1,1,correction-only,false-first,6,3,1,3,1,1,2,No,,
R_2eV8bymLIifyZ3Y,19,2,1,1,1,debunk,false-first,3,2,1,2,2,1,1,Yes,5,3
R_1P1TqwSgks9FtD1,49,3,1,1,1,debunk,true-first,5,4,5,2,2,5,4,Yes,4,4
R_2YJJWTpO3N2RTf0,28,1,1,1,1,correction-only,false-first,5,3,1,1,2,2,1,Yes,5,4
R_1obvaJEH42Sap1o,42,3,1,1,1,correction-only,true-first,3,5,1,2,3,1,2,Yes,3,2
R_ai1lmJLglJI3EDn,54,2,1,1,1,misinfo-only,false-first,5,5,2,4,2,2,4,Yes,3,3
R_vCAS1wtrMBcXTnX,49,4,1,1,1,debunk,false-first,6,3,4,4,3,4,5,Yes,3,2
R_2pVOcl7owSxoX5u,20,3,1,1,1,debunk,false-first,2,2,1,1,1,1,2,No,,
R_1FkxHtE8PsxDAJg,20,1,1,1,1,misinfo-only,true-first,3,4,1,2,2,4,4,Yes,3,3
R_25TM3Wa4canAlq7,29,2,1,0,0.5,misinfo-only,true-first,4,5,1,1,1,1,3,Yes,6,2
R_3lttlHuvRlUBPN9,63,4,1,1,1,correction-only,false-first,4,4,1,2,3,5,5,No,,
R_23fcgK6bJgB1GY3,31,2,1,1,1,correction-only,true-first,5,4,1,1,2,2,1,No,,
R_sd2N3kgOHdxgSEV,25,3,1,1,1,correction-only,false-first,5,3,1,3,2,1,1,Yes,2,1
R_3HoIgxr3THqXbEi,46,4,1,1,1,correction-only,true-first,3,4,4,2,7,5,4,No,,
R_vOI2gcm9hpJTmut,69,3,1,1,1,misinfo-only,false-first,5,7,1,1,1,6,2,No,,
R_3esqnTxi9vBXJwo,57,6,1,1,1,correction-only,false-first,6,4,1,2,2,1,5,No,,
R_3lxZtzTQqCmn1Z9,39,2,1,1,1,correction-only,false-first,6,1,1,4,1,1,1,Yes,4,5
R_21u3i74Pj7oVbr2,35,4,1,1,1,misinfo-only,true-first,3,7,1,2,2,1,7,No,,
R_3GBRElrAilwOYz5,21,1,1,1,1,misinfo-only,false-first,3,5,2,4,4,4,5,Yes,3,3
R_1P5KnpgMaClYmTU,20,3,1,1,1,debunk,true-first,3,3,1,3,2,4,1,Yes,5,3
R_UuySvnyUudw8deV,34,1,1,1,1,misinfo-only,false-first,5,4,1,5,1,1,1,No,,
R_9XobB2Y2EUMCu8V,43,2,1,1,1,misinfo-only,true-first,3,2,1,1,1,2,4,No,,
R_6Pzm0J3Ct2bZKAV,35,4,1,1,1,debunk,false-first,5,5,3,2,6,5,5,No,,
R_1EhR7j4SGBosVfZ,27,4,1,1,1,debunk,false-first,6,6,2,4,2,1,4,No,,
R_2f7qY4NxoiBn0A6,57,4,1,1,1,correction-only,false-first,3,1,1,1,1,4,4,No,,
R_3FVzQpyc8LQ9aE9,42,4,1,1,1,debunk,true-first,5,1,1,1,2,2,4,Yes,4,3
R_pDJi7iFEtGOkerL,22,1,1,1,1,debunk,false-first,3,4,1,2,2,4,5,Yes,3,2
R_3GdglMtQMbuSBLH,33,1,1,1,1,misinfo-only,false-first,2,4,1,1,1,1,5,No,,
R_2CrgwpH4xfHTCKe,46,5,1,1,1,correction-only,false-first,6,2,1,1,1,2,3,Yes,4,4
R_12LSHUWVQIj75eS,30,1,1,1,1,misinfo-only,false-first,6,3,2,1,1,2,1,No,,
R_3RfPT1ZyCUPkTMi,29,3,1,1,1,misinfo-only,true-first,5,5,2,3,3,1,5,Yes,3,3
R_1Kl3Dvf29m9jKnu,22,4,1,1,1,misinfo-only,true-first,4,5,1,2,3,2,2,Yes,2,1
R_31z89HnrUP2dH1T,29,4,1,1,1,misinfo-only,false-first,4,2,1,4,2,3,2,No,,
R_OoDce7XRbKlEfUl,38,2,1,1,1,correction-only,true-first,5,4,5,2,6,6,4,No,,
R_YS0SpUA0cUueLSN,35,2,1,1,1,debunk,false-first,2,3,1,1,1,3,5,No,,
R_2U9o82HXrBASG0F,25,4,1,1,1,correction-only,true-first,3,3,3,4,2,3,5,Yes,3,2
R_PSyKiob4As6WLDP,37,3,1,1,1,debunk,true-first,5,4,1,2,1,1,4,No,,
R_3J2hliw1xFmhuzY,22,2,1,1,1,correction-only,true-first,5,4,1,4,2,1,5,Yes,6,3
R_2fBPvmJy9W2IL0q,23,2,1,1,1,misinfo-only,false-first,5,4,1,4,1,1,4,Yes,5,3
R_3ipY0cyDJMV3OyV,28,5,1,1,1,misinfo-only,true-first,3,6,6,1,2,4,3,Yes,4,2
R_1jZkAsEq5vW0HDl,38,3,1,1,1,misinfo-only,false-first,5,2,2,3,2,2,5,Yes,3,1
R_332qlWFDIgykYBA,52,4,1,1,1,correction-only,false-first,6,4,2,2,2,4,4,Yes,3,2
R_DC2df0X27OjPYuB,25,2,1,1,1,debunk,false-first,6,6,1,1,7,1,1,Yes,5,2
R_1lyraqsHO7TX77N,32,2,1,1,1,misinfo-only,false-first,5,6,1,6,1,1,6,No,,
R_3fGZk61GUwPaR0Z,57,4,1,1,1,misinfo-only,false-first,6,4,5,2,5,5,5,Yes,4,2
R_bq63fhlwDQ7ncdz,30,3,1,1,1,debunk,true-first,6,5,2,4,4,4,4,Yes,4,4
R_3iWPMXH48VzPp6c,50,5,1,1,1,debunk,false-first,7,5,5,4,7,7,2,No,,
R_2c6MG1fidqi32yg,36,3,1,1,1,debunk,false-first,3,5,1,1,1,1,5,Yes,3,3
R_1LOsgAXTPvt95jF,25,2,1,1,1,misinfo-only,true-first,5,2,1,4,1,1,4,Yes,4,3
R_27xGHrs4YW7yvfe,47,3,1,1,1,debunk,false-first,3,6,1,1,1,1,4,Yes,4,2
R_3m1xY3xniKYdCAO,24,3,1,1,1,correction-only,true-first,3,4,5,3,4,4,2,Yes,5,4
R_3iK0HsvPkH3RCHd,28,4,1,1,1,correction-only,true-first,1,4,4,4,7,6,4,No,,
R_WDusDw1dmJLliPD,50,2,1,1,1,misinfo-only,true-first,5,4,2,3,2,5,6,No,,
R_3J2AvQHYKMsOAJS,42,3,1,1,1,correction-only,true-first,5,5,3,1,3,2,4,Yes,5,3
R_268WOgOR0ZzkvgB,29,3,1,1,1,debunk,true-first,5,4,2,4,2,1,5,Yes,4,2
R_1mmaQQ7oDEOJtKz,58,1,1,1,1,misinfo-only,false-first,6,2,1,2,2,1,2,No,,
R_3oZmzGId7iC1G3e,31,1,1,1,1,debunk,false-first,5,4,1,1,1,2,1,No,,
R_OdrobnJQb1V85yN,51,5,1,1,1,correction-only,true-first,4,7,5,2,7,7,6,No,,
R_3pfdWKTxi3ry6nn,29,1,1,0,0.5,debunk,false-first,3,3,1,1,1,1,1,Yes,4,3
R_1qZZnBViCTUAfHG,65,2,1,1,1,misinfo-only,true-first,5,4,1,4,2,1,6,Yes,3,4
R_qPKopIlvxiJkZjP,33,4,1,1,1,debunk,false-first,6,,6,6,6,6,1,Yes,3,4
R_3L0hG8hbgd4EkNR,23,1,1,1,1,debunk,true-first,3,4,1,4,4,2,4,Yes,4,3
R_3HnwFaU8wlTXOfI,23,2,1,1,1,correction-only,true-first,5,4,3,1,4,1,5,Yes,5,3
R_3dFCzGfeXC51Vqu,46,3,1,1,1,misinfo-only,true-first,5,5,5,4,3,4,7,No,,
R_50zlJr99k3b1lOV,24,1,1,1,1,correction-only,true-first,6,4,1,1,1,1,3,No,,
R_2TF3jCPRCV4t9aF,42,1,1,1,1,debunk,true-first,5,1,1,1,1,1,4,Yes,4,3
R_3j9x0C0IPHchW9X,21,3,1,1,1,debunk,false-first,2,3,1,4,1,4,6,Yes,4,3
R_1dbtLScu648KiWO,58,2,1,1,1,debunk,false-first,2,4,2,2,3,3,6,No,,
R_Xt5uZ7in0hk0rCN,42,4,1,1,1,misinfo-only,true-first,6,5,2,4,1,1,6,No,,
R_2TAJsPObrtug98D,48,1,1,1,1,correction-only,true-first,5,5,1,2,2,1,2,No,,
R_31YrAKgTjLIoUiQ,54,2,1,1,1,misinfo-only,true-first,6,6,1,5,5,3,5,Yes,2,1
R_2647cH3XDSSUKkE,34,1,1,1,1,debunk,true-first,3,4,1,4,7,4,7,Yes,4,3
R_10pcAOvvKavW7wA,27,2,1,1,1,correction-only,true-first,5,6,1,1,4,4,4,No,,
R_3IS22Q4uHIUOQog,28,1,1,1,1,misinfo-only,true-first,5,5,7,1,1,1,4,No,,
R_UfQr0aHrbGSgOnT,29,3,1,1,1,misinfo-only,true-first,5,4,2,4,2,4,5,No,,
R_21iBQ8O85uBAogO,24,1,1,1,1,debunk,false-first,5,2,2,2,2,4,2,Yes,2,1
R_215vDQPQO4CgVij,35,3,1,1,1,misinfo-only,false-first,5,2,2,2,3,4,2,Yes,4,4
R_20Z3Gqov4YyoKC8,33,4,1,1,1,misinfo-only,true-first,5,4,2,4,4,4,5,Yes,4,2
R_3LbZW6UpRgXAntm,29,2,1,1,1,debunk,false-first,5,3,3,5,5,5,5,Yes,4,3
R_DuWuFxysl9hhmH7,38,5,1,1,1,debunk,false-first,2,7,4,7,6,7,6,Yes,4,1
R_RxLmJ9lEHUgrddL,44,1,1,1,1,misinfo-only,true-first,8,4,1,2,1,1,1,Yes,2,2
R_1ffj9fGe68k09W9,41,3,1,1,1,misinfo-only,false-first,3,4,3,1,2,4,7,Yes,2,3
R_26fgjMj1lKJYGT7,21,2,1,1,1,misinfo-only,false-first,3,4,1,4,1,4,2,Yes,5,4
R_2cwIY3JXOVuwJEv,22,3,1,1,1,misinfo-only,false-first,2,4,1,4,2,4,2,Yes,4,3
R_db8LH11wlCrDlFT,32,2,1,0,0.5,debunk,false-first,3,5,2,2,2,1,6,No,,
R_3NP0lIZAX1ECqlf,44,3,1,1,1,misinfo-only,false-first,2,7,1,5,3,4,1,Yes,1,1
R_3scw8BREq5PjsjA,67,2,1,1,1,correction-only,false-first,6,2,1,1,1,4,6,No,,
R_1otIO6kdERQFHUL,28,1,1,1,1,debunk,true-first,6,3,1,1,2,1,1,Yes,1,1
R_2zC25ovER7X6dQQ,52,1,1,1,1,correction-only,true-first,6,3,1,2,1,1,2,Yes,2,3
R_1owgPXLGClUhzxb,44,3,1,1,1,misinfo-only,false-first,5,4,1,2,2,4,6,No,,
R_CmfyoTAZ55YDiPD,19,2,1,1,1,correction-only,true-first,2,1,1,4,1,4,2,Yes,6,4
R_1q7ZufLHT0DF1wM,28,3,1,1,1,correction-only,true-first,5,4,1,4,3,4,1,Yes,5,3
R_1IH1BrmR8l8Q2ti,47,,1,1,1,misinfo-only,true-first,3,6,4,4,4,4,6,Yes,4,3
R_23lr2wfXFy1U5mV,30,1,1,1,1,misinfo-only,true-first,5,1,1,1,1,1,1,No,,
R_ywfKDs4eZn4sOc1,25,3,1,1,1,misinfo-only,true-first,5,4,1,4,1,2,1,No,,
R_8GrirqeoxHRjmuZ,26,1,1,1,1,debunk,false-first,6,2,1,4,1,1,2,Yes,4,4
R_2OTuQEUXC3M4xJn,29,3,1,1,1,correction-only,true-first,3,4,2,4,3,2,3,Yes,1,1
R_290NuhPyvoeiYsF,72,1,1,1,1,debunk,true-first,4,4,1,1,1,4,1,No,,
R_301UVegUDR7hu7q,28,4,1,1,1,misinfo-only,true-first,3,4,2,1,2,2,6,No,,
R_2Vsdx4kq20NNlxY,62,1,1,1,1,debunk,true-first,4,7,1,2,1,2,3,No,,
R_1DS7VBL9Ln6r5wA,37,4,1,1,1,correction-only,false-first,3,5,2,1,4,3,1,Yes,2,2
R_1gtI9tHCz6WBJYR,28,1,1,1,1,misinfo-only,false-first,6,6,1,4,1,1,2,Yes,4,2
R_1P1qfTFW8KllvAv,33,1,1,1,1,misinfo-only,false-first,5,4,1,3,3,1,6,No,,
R_1FOFlQHpBtBjxUK,53,3,1,1,1,correction-only,true-first,4,2,2,4,1,2,3,Yes,3,2
R_1mIaSd8oSe14b0l,30,4,1,1,1,misinfo-only,true-first,2,5,2,2,3,5,3,Yes,5,4
R_2tb6aa29ei7gggx,43,5,1,1,1,misinfo-only,true-first,4,4,3,7,7,6,4,Yes,2,1
R_TuuCQo2vmgY0oOR,55,4,1,1,1,debunk,false-first,5,3,2,2,3,1,5,No,,
R_2afxHrhqxxdFmiW,19,1,1,1,1,misinfo-only,false-first,3,5,1,4,1,4,6,Yes,3,4
R_2whRXVMPnFvE4o7,33,3,1,1,1,debunk,false-first,2,5,5,2,3,4,4,No,,
R_3G7zR0p47XXn8DE,55,5,0,1,0.5,correction-only,false-first,2,6,2,2,2,2,6,Yes,4,3
R_10SGRCIXrSMVj1X,21,2,1,1,1,correction-only,true-first,3,4,1,1,1,1,5,Yes,6,1
R_utgLn2Uhpg29FxT,46,1,1,1,1,debunk,false-first,5,1,1,1,1,1,2,No,,
R_3R8X6dXdXo0jWc5,30,1,1,1,1,correction-only,false-first,3,4,1,4,3,1,2,Yes,5,3
R_3F51SVVpMBS2YwW,47,2,1,1,1,debunk,false-first,7,6,2,2,2,4,2,No,,
R_3elfiTpWMyQtXws,22,3,1,1,1,correction-only,false-first,2,4,1,4,3,4,4,Yes,4,3
R_1NqB1F60N1PDD7E,40,1,1,1,1,misinfo-only,false-first,5,3,1,1,1,1,6,Yes,4,3
R_2Pj4XNrV1skLXN6,19,1,1,1,1,correction-only,false-first,4,3,1,3,1,1,1,Yes,5,3
R_1mQ7kBVvElNVK74,21,3,1,1,1,debunk,false-first,4,7,1,2,5,4,4,No,,
R_1DZ2wq2TcIgUMrB,22,3,1,1,1,debunk,true-first,5,5,2,2,1,4,4,Yes,5,4
R_2tycWKexokhDHZD,23,3,1,1,1,correction-only,true-first,5,4,2,4,2,4,2,No,,
R_sGpBp3iCiUhSUE1,57,5,1,1,1,debunk,false-first,5,5,3,6,3,5,2,Yes,5,5
R_2y7Wuwwr9lRxrzT,37,4,1,1,1,correction-only,true-first,5,4,2,5,4,4,1,No,,
R_PTlji7uEZe5yKRz,25,2,1,1,1,debunk,false-first,3,4,1,2,1,4,2,Yes,5,4
R_1FbwsxAwMvTtU0T,23,4,1,1,1,correction-only,true-first,6,5,4,3,3,3,5,Yes,3,3
R_2RPPdpLjsWq4mLk,24,3,1,1,1,correction-only,true-first,4,1,1,1,1,4,2,Yes,3,2
R_BR585NnP3iSLHfX,34,1,1,1,1,correction-only,true-first,3,4,1,4,1,1,4,Yes,3,3
R_1Nx1fE29Rx4jPqS,31,2,1,1,1,correction-only,true-first,3,3,1,1,1,2,4,No,,
R_2TAyyAl4XbTXqoA,65,4,1,1,1,debunk,true-first,6,4,5,4,5,6,4,No,,
R_1duFjDjRYkzGyc4,27,3,1,1,1,correction-only,true-first,5,6,1,4,3,5,6,Yes,5,3
R_1hQHmk4hgBQ2MVh,60,1,1,1,1,misinfo-only,false-first,4,4,2,4,2,1,5,No,,
R_1jivepL11WubauO,60,5,1,1,1,misinfo-only,false-first,6,6,2,3,5,2,3,No,,
R_3qDRUDG6RWkgniK,55,3,1,1,1,debunk,false-first,4,2,1,1,1,1,6,Yes,3,3
R_22kQbxwCByueVlQ,57,3,1,1,1,misinfo-only,true-first,5,4,1,2,1,2,1,Yes,3,3
R_56mFnyfJFwiToc1,51,4,1,1,1,debunk,false-first,4,5,4,2,4,3,4,No,,
R_3oBM9VtRCjcvW7w,58,3,1,1,1,misinfo-only,true-first,4,5,2,1,4,2,4,Yes,3,1
R_1JVOa4gUI7rRR71,24,2,1,1,1,misinfo-only,true-first,3,5,1,4,1,1,4,No,,
R_5vbRjicR9WZmwOR,92,5,1,1,1,debunk,true-first,5,3,2,3,3,3,5,No,,
R_23dCma6Z2eGPI7C,23,4,1,1,1,debunk,false-first,5,3,2,5,4,6,1,Yes,3,3
R_9ykdpftGYfI4Rk5,45,4,1,1,1,debunk,true-first,7,5,3,4,3,3,4,Yes,4,2
R_3FRTYdYv4rEUc56,24,2,1,1,1,debunk,false-first,5,3,4,2,3,5,4,Yes,4,4
R_3IRhd6pTPv71xkE,27,4,1,1,1,correction-only,false-first,3,3,4,3,4,3,2,Yes,3,1
R_2SpKYDQRq28PWEc,68,5,1,1,1,debunk,true-first,3,4,4,2,4,4,4,No,,
R_3MM9QSmVJ3VzE6u,22,3,1,1,1,debunk,false-first,3,1,1,4,1,1,1,Yes,4,3
R_a9OaRWaPkcqGR1f,30,4,1,1,1,debunk,false-first,5,5,4,3,4,6,6,Yes,4,2
R_yUYJsSEqfMDdSV3,35,1,1,1,1,correction-only,true-first,3,3,1,3,1,1,1,No,,
R_3EyBV2iphk1G4U6,29,2,1,1,1,debunk,false-first,5,5,3,3,6,5,5,Yes,5,3
R_3D2zY2pqgG2WtQU,26,5,1,1,1,correction-only,false-first,4,6,5,5,2,4,6,Yes,5,3
R_3futrnurUTixm5T,56,6,1,1,1,misinfo-only,false-first,1,1,7,1,7,7,7,No,,
R_2xVQKUykVBljrLl,31,6,1,1,1,misinfo-only,false-first,5,5,5,5,7,6,5,No,,
R_1CvIVYSaN9EIwZV,27,3,1,1,1,debunk,false-first,5,2,2,1,2,3,4,No,,
R_2VIaWHNr7ffS3bU,19,3,1,1,1,correction-only,true-first,3,4,1,1,1,2,4,Yes,5,4
R_eyCU0EOEKmwKgk9,29,1,1,1,1,debunk,true-first,3,1,1,1,1,1,1,Yes,3,3
R_2CTzf1avMkRAIG6,42,1,1,1,1,correction-only,false-first,7,4,1,1,1,1,2,No,,
R_1oAuQuqvgQ0c8Fq,28,2,1,1,1,correction-only,true-first,2,3,1,1,1,1,6,No,,
R_3JLr2ngSs0c3WAJ,34,3,1,1,1,correction-only,true-first,5,4,2,2,1,1,6,Yes,4,3
R_xxBiXFQEOWDilNv,26,1,1,1,1,debunk,true-first,5,1,2,2,2,2,2,Yes,6,5
R_2xSmzJe0wAeBVtx,27,3,1,1,1,debunk,true-first,3,4,6,4,1,1,4,Yes,2,1
R_1mqSAFkmbv1pk7y,29,2,0,1,0.5,debunk,false-first,2,4,1,1,1,4,2,Yes,2,1
R_qO6EWftvvFa9SFP,33,4,1,1,1,debunk,true-first,5,2,1,2,2,2,2,No,,
R_1gSZSyeL95N5p8W,35,2,1,1,1,debunk,true-first,5,4,2,4,1,3,5,Yes,3,3
R_1MYzKfdWLrcD4P2,27,1,1,1,1,misinfo-only,false-first,3,4,1,1,2,4,1,No,,
R_2w7GMBp8fJdnFak,36,1,1,1,1,debunk,true-first,5,5,1,1,1,1,5,No,,
R_a9OfwqmdcLEWf7P,48,1,1,1,1,misinfo-only,false-first,5,4,1,3,1,1,4,No,,
R_28A09oZT8mYPSJ0,55,2,1,1,1,correction-only,false-first,3,4,2,4,2,2,5,Yes,4,5
R_1eDKDrRN0mR7324,32,3,1,1,1,correction-only,true-first,3,1,5,1,1,2,4,Yes,5,3
R_1nUFmn0qnQFzMpw,29,1,1,1,1,debunk,true-first,6,3,3,5,6,6,6,No,,
R_3fNVjoIRABORSUN,67,1,1,1,1,debunk,false-first,6,1,1,1,1,1,4,Yes,2,4
R_DcV0ZgRluXtDjAR,49,4,1,1,1,correction-only,false-first,2,6,6,1,7,6,6,No,,
R_bpdx7DHVV2nxCVz,43,2,1,1,1,correction-only,false-first,5,6,1,2,1,1,2,No,,
R_DuWcHcarAi9wsdb,49,1,1,1,1,correction-only,true-first,4,6,5,4,5,5,5,Yes,6,5
R_1NkaXh3acsTjgj9,23,2,1,1,1,debunk,true-first,5,4,1,4,1,1,5,Yes,2,2
R_BJOx0jfmv8A6hXj,44,2,1,0,0.5,misinfo-only,true-first,3,2,1,2,2,1,3,Yes,4,3
R_O3wPGi14mp1sRoZ,28,2,1,1,1,correction-only,true-first,5,2,1,4,1,2,4,Yes,4,3
R_3Ld0Zn5XpvZLmAB,28,2,1,1,1,debunk,true-first,5,5,2,3,3,4,3,Yes,4,4
R_2ZKPR2cVAPMstN4,41,4,1,1,1,correction-only,true-first,5,5,2,2,4,3,5,Yes,2,3
R_1cUQQmKD1j1AE89,57,2,1,1,1,debunk,false-first,5,2,1,2,2,4,5,Yes,5,4
R_3lQy9x6fHUYEtCK,32,4,1,1,1,correction-only,false-first,5,4,4,3,4,4,4,No,,
R_1r2EwPa56lyEfS6,27,3,1,1,1,debunk,true-first,5,3,1,4,5,4,5,Yes,6,2
R_A4c0XsyFOXRnvIl,53,4,1,1,1,debunk,true-first,5,7,4,4,4,4,6,No,,
R_1DOxeaKETjGFT9D,29,1,1,1,1,correction-only,true-first,6,2,2,2,1,1,4,No,,
R_3oHlp5THGbE3lBH,34,3,1,1,1,correction-only,true-first,5,4,2,2,1,1,2,Yes,5,2
R_AEvRQCc0D3iOxNv,22,3,1,1,1,misinfo-only,false-first,2,1,2,2,4,2,4,No,,
R_1mnidV6MyIylDCB,39,4,1,1,1,debunk,false-first,2,2,1,3,1,1,4,No,,
R_1gbUzlxqWFuCy3i,28,3,1,1,1,correction-only,true-first,2,4,1,1,2,1,6,No,,
R_26l3W2cAUSRVreU,24,4,1,1,1,correction-only,false-first,3,5,6,5,7,6,2,Yes,5,3
R_2SGhqsJg7FBiUU8,32,3,1,1,1,misinfo-only,false-first,5,5,2,4,2,1,5,No,,
R_3NEB5Plu7L5Ho97,45,3,1,1,1,correction-only,false-first,4,5,3,2,4,4,5,No,,
R_3sAoj1YfRIXVjtZ,32,6,1,1,1,correction-only,false-first,4,1,1,4,6,6,1,No,,
R_2CZVXxsZUMOeGuM,26,3,1,1,1,misinfo-only,false-first,1,3,2,2,1,1,2,No,,
R_1fdZAI3mFCO7pNl,32,1,1,1,1,misinfo-only,false-first,5,2,1,4,1,2,1,No,,
R_22KSFwQeGAU4fSM,56,4,1,1,1,misinfo-only,true-first,3,5,1,2,3,5,3,Yes,3,3
R_3fe2WXUN7nNpgZh,49,3,1,1,1,misinfo-only,true-first,6,2,7,4,1,1,1,No,,
R_3r3dX9caxtZPKcm,48,3,1,1,1,misinfo-only,false-first,3,6,4,7,4,1,5,No,,
R_2yrpKONrLan7OhS,27,1,1,1,1,debunk,false-first,5,2,1,1,1,1,1,Yes,3,3
R_7TEdunTUAkHAhpf,58,1,1,1,1,correction-only,true-first,8,4,1,2,1,2,5,No,,
R_bCsCfxfsVc2yaLn,18,1,1,1,1,correction-only,false-first,3,2,2,2,2,2,2,No,,
R_1ovDjEdYRuIQOgk,21,2,1,1,1,correction-only,true-first,3,3,1,2,1,1,3,Yes,5,3
R_3fNwnYiuFYxY2zI,19,2,1,1,1,debunk,true-first,2,4,1,4,1,4,2,Yes,6,4
R_26nEXLNNVuHyZ2i,46,4,1,1,1,debunk,false-first,2,5,2,4,5,4,6,Yes,2,1
R_1rApQVYJZ1XMDxA,25,3,1,1,1,debunk,true-first,8,6,1,4,2,2,5,Yes,4,2
R_b3GZoVDf8px9x7j,46,4,1,1,1,correction-only,false-first,4,6,4,7,5,6,4,No,,
R_ZE1ULK4uEcmweXf,23,1,1,1,1,misinfo-only,true-first,5,3,2,4,2,4,4,Yes,6,4
R_21BBQBRKWsyxYUe,36,5,1,1,1,misinfo-only,false-first,2,3,2,3,6,5,3,Yes,3,1
R_3PXCTYRpVIXezzV,32,2,1,1,1,misinfo-only,false-first,4,4,1,1,1,1,1,No,,
R_1QL35twnApS1fVD,38,1,1,1,1,correction-only,false-first,5,4,1,1,1,1,1,No,,
R_2PkdpD1mwEkwafV,32,3,1,1,1,misinfo-only,true-first,2,5,4,6,6,4,3,Yes,4,2
R_3D8yLTrkFcvPh6W,29,3,1,1,1,misinfo-only,false-first,5,2,1,2,1,1,2,No,,
R_3fk3QZSZk77xkdV,35,4,1,1,1,misinfo-only,true-first,5,4,2,1,4,4,5,No,,
R_2BzxIdrEMbDuxjm,27,3,1,1,1,misinfo-only,true-first,3,5,1,2,3,1,6,No,,
R_2AWFH4m29ONRgKR,24,1,1,1,1,correction-only,true-first,5,4,1,4,1,1,1,Yes,3,2
R_2wHmjhsOzquQkzc,53,3,1,1,1,misinfo-only,false-first,2,6,5,4,7,4,5,Yes,3,2
R_Y5ox1ef1fhzdrgZ,21,2,1,1,1,misinfo-only,false-first,3,2,1,1,1,1,1,Yes,3,2
R_1prKbQtAi2tJEVJ,22,3,1,1,1,debunk,false-first,3,4,1,5,1,4,4,No,,
R_3QX0p9AS6OoYIem,20,1,1,1,1,debunk,true-first,2,4,1,4,1,1,4,Yes,5,3
R_AstbxCofjY7qD61,31,5,1,1,1,misinfo-only,false-first,2,3,4,2,5,4,4,No,,
R_CluZSVl5tHXAU2B,22,2,1,1,1,misinfo-only,true-first,3,2,1,1,1,1,2,Yes,5,4
R_a63JtwjWIJaaRAR,50,4,1,1,1,correction-only,true-first,3,4,4,4,4,4,4,No,,
R_1rkx8Xu5PCh9bRa,39,1,1,1,1,debunk,false-first,5,5,1,3,1,1,4,No,,
R_3rMvfVnT4qf8W7k,22,2,1,1,1,debunk,true-first,5,2,1,2,1,4,5,Yes,4,3
R_oZjL9QyOrTi7JNn,47,4,1,1,1,misinfo-only,false-first,6,3,3,2,3,4,4,Yes,4,4
R_2UeVwYmcs50pN4g,49,3,1,1,1,debunk,true-first,3,2,1,2,1,1,1,No,,
R_3FQZ5px4ZViqUzm,38,2,1,1,1,correction-only,true-first,5,4,3,4,2,1,6,Yes,5,3
R_2744oitU9xTvjat,24,3,1,1,1,misinfo-only,true-first,5,4,4,4,2,4,4,Yes,4,4
R_31SBHlCabrh834M,48,2,1,1,1,misinfo-only,true-first,6,5,1,4,1,2,6,No,,
R_WvZgdeU0TYFzNoB,33,2,1,1,1,misinfo-only,true-first,5,4,1,3,1,2,4,Yes,4,2
R_0eplXqaX6kGlxa9,25,3,1,1,1,correction-only,true-first,3,4,3,4,4,3,4,Yes,5,3
R_rrrLIfZRAljfOcF,23,6,1,1,1,correction-only,true-first,5,4,5,4,6,4,2,Yes,4,3
R_3CT1ShCcMLqk6Sg,33,3,1,1,1,misinfo-only,false-first,2,6,1,2,3,2,4,Yes,5,3
R_3qQZxIqwWXGLal8,50,4,1,1,1,correction-only,true-first,5,4,6,4,4,4,5,No,,
R_3PzW4bsay5TRGoI,67,4,1,1,1,debunk,true-first,2,3,2,3,2,2,3,No,,
R_6Mva5kpK7rCubmx,30,2,1,1,1,misinfo-only,false-first,5,6,3,5,5,5,4,Yes,3,1
R_3NIkgpMbX1RWxsl,38,2,1,1,1,correction-only,false-first,5,5,2,2,2,4,4,Yes,5,4
R_1li8EDTDLR67ctR,36,2,1,1,1,correction-only,true-first,3,4,1,1,1,2,1,Yes,5,3
R_1FsxspwkwojvqMZ,27,2,1,1,1,correction-only,true-first,4,4,1,1,1,2,1,No,,
R_yKEkbNksDfeIAHn,50,2,1,1,1,correction-only,false-first,6,4,2,2,4,4,5,No,,
R_3dH6HEekoHdJdl2,30,5,1,1,1,debunk,false-first,6,6,5,6,7,6,6,Yes,5,4
R_5uJeCVy5PxWUzkd,28,5,1,1,1,debunk,false-first,6,6,4,3,6,7,2,Yes,5,4
R_3oTs7zM0Ac93X24,50,2,1,1,1,misinfo-only,true-first,3,5,2,3,2,1,6,No,,
R_agiRFWgJ866un3H,33,4,1,1,1,misinfo-only,false-first,3,4,3,5,5,4,3,Yes,5,4
R_3QSoWdygrNMKuae,56,3,1,1,1,debunk,false-first,3,4,2,4,3,4,5,No,,
R_1CpGbt6u7a4lUEE,29,3,1,1,1,misinfo-only,false-first,2,6,2,4,2,3,4,Yes,3,1
R_usmdBY1Xsrr8RFv,39,2,1,1,1,correction-only,false-first,4,5,1,2,1,1,2,No,,
R_2rABpXTJgGPexsN,49,4,1,1,1,debunk,false-first,6,4,3,3,6,6,5,Yes,4,1
R_1dyI33jmnn92hpd,29,2,1,1,1,misinfo-only,true-first,4,6,1,4,1,3,5,Yes,3,3
R_2ZTVan9wwGcirIm,19,5,1,1,1,misinfo-only,true-first,2,2,3,4,5,4,2,Yes,5,4
R_2DN8Kgfc75ok2Dk,21,3,1,1,1,correction-only,true-first,3,2,2,4,2,2,4,No,,
R_3fq6cpjVE26IL4C,20,2,1,1,1,debunk,true-first,3,4,1,4,2,4,2,Yes,3,2
R_3nqsgtrHc5bKumC,53,1,1,1,1,debunk,false-first,5,3,2,1,1,1,3,No,,
R_10u3HyKMy0IaPKp,26,3,1,1,1,misinfo-only,false-first,6,4,3,3,2,4,5,Yes,3,3
R_pSmO90SjIEPjK6J,64,1,1,1,1,correction-only,false-first,4,1,1,1,1,1,1,Yes,2,3
R_1MN9kdcE1uTF3Kx,73,3,1,1,1,debunk,true-first,8,2,1,2,2,6,5,Yes,3,4
R_VOsJVF5lJWvr6Eh,21,1,1,1,1,correction-only,true-first,3,4,1,4,2,1,4,Yes,6,4
R_brz5y5l4VfUeN0Z,27,3,1,1,1,debunk,false-first,3,5,2,4,3,4,6,Yes,4,3
R_oZE5rofCz4OItRD,40,2,1,1,1,correction-only,false-first,4,1,1,4,2,1,4,Yes,1,1
R_3flQ0Jx5S87DGnj,28,3,1,1,1,debunk,false-first,5,5,4,4,3,3,4,No,,
R_3gUhdSjgH99aI7y,30,3,1,1,1,correction-only,true-first,5,5,4,4,1,2,2,Yes,4,3
R_DCNsIYvNcGzJrkB,24,2,1,1,1,debunk,true-first,6,4,2,2,3,1,2,Yes,4,4
R_3fxWPk66sPrVQy2,34,2,1,1,1,debunk,false-first,3,4,1,2,1,1,4,No,,
R_sO5pThtOI6ikgCZ,40,3,1,1,1,misinfo-only,true-first,6,4,2,2,2,4,5,Yes,3,2
R_3MGOS9dAiQUUgGE,28,1,1,1,1,misinfo-only,true-first,4,4,2,1,1,1,2,No,,
R_3KYFV8IQZw1Crrl,58,2,1,1,1,misinfo-only,true-first,2,6,2,2,2,4,4,No,,
R_27U3bXdcBG7UH6x,29,4,1,1,1,misinfo-only,false-first,5,4,3,4,4,6,1,Yes,4,3
R_PBQlhSBylFazDhf,51,3,1,1,1,debunk,true-first,5,3,1,1,1,1,4,No,,
R_tKetBq4nkQAWQhj,21,2,1,1,1,correction-only,false-first,3,4,3,3,3,4,5,Yes,5,3
R_1K9kH0V4glLcN7n,48,,1,1,1,debunk,false-first,1,4,4,1,4,4,4,Yes,3,1
R_ptTe1ICeKVxQI81,45,2,1,1,1,misinfo-only,false-first,6,4,1,2,2,1,2,Yes,3,2
R_10NRWxm0uPQ4dQL,35,1,1,1,1,debunk,true-first,2,4,3,3,1,1,4,No,,
R_2EcShiSlG1S4S3K,44,3,1,1,1,correction-only,false-first,4,4,1,3,2,4,6,Yes,2,3
R_2s6DMzJJipz0Ax0,34,6,1,1,1,correction-only,true-first,5,1,2,4,1,2,1,Yes,2,1
R_21G6uLJBAQhcAGy,23,1,1,1,1,correction-only,false-first,5,1,1,1,1,1,1,Yes,5,5
R_2zAC6SyNcuM8Mka,32,4,1,1,1,correction-only,false-first,3,6,4,4,6,4,4,No,,
R_vOYg7X2BQB0Ke7n,30,4,1,1,1,misinfo-only,true-first,5,4,3,5,4,4,3,Yes,4,3
R_BLZbZmDZhK856oN,33,1,1,1,1,misinfo-only,false-first,5,6,2,2,2,1,2,Yes,4,3
R_3HuceED8SDeq8yv,37,3,1,1,1,misinfo-only,true-first,5,5,1,4,4,2,5,No,,
R_3g4KOY18ozJjSDG,31,3,1,1,1,correction-only,true-first,5,4,2,2,2,2,3,No,,
R_2BlgxDgtpF8wUvs,40,2,1,1,1,misinfo-only,true-first,4,4,3,4,5,4,3,Yes,2,1
R_1jv6Ute4wUI3XM7,21,2,1,1,1,correction-only,false-first,5,6,1,2,1,1,1,Yes,5,4
R_2ZCWi1MefVXch6f,28,2,1,1,1,misinfo-only,false-first,6,3,3,3,6,6,6,Yes,4,3
R_2uTIfi24PxmE1t6,41,3,1,1,1,misinfo-only,true-first,4,4,1,2,4,4,4,Yes,3,2
R_3Eonp13cbyfF1Ro,26,4,1,0,0.5,misinfo-only,false-first,6,5,4,4,5,4,3,Yes,3,3
R_DJgfgqKkklEwWvD,39,4,1,1,1,misinfo-only,false-first,5,3,6,4,7,6,6,No,,
R_3hgbG8GTW53oNwx,31,1,1,1,1,debunk,true-first,5,2,1,2,1,1,3,Yes,1,2
R_1LhDsYdUja4iiOa,24,1,1,1,1,misinfo-only,true-first,6,4,1,1,1,1,3,Yes,5,3
R_3D6dhG3b2dqoZLF,31,3,1,1,1,correction-only,true-first,5,3,3,2,2,4,2,Yes,3,3
R_2CmiAiRa62uYXEB,29,3,1,1,1,misinfo-only,false-first,5,7,1,5,1,1,4,Yes,2,2
R_2S0vJBgGzomXKGf,27,2,1,1,1,correction-only,true-first,5,4,2,5,3,4,5,Yes,5,3
R_3Kw1BUKWVQl3aw0,61,5,1,1,1,correction-only,false-first,2,4,5,3,5,5,4,No,,
R_2960XSNEVPSVKGO,22,2,1,1,1,correction-only,false-first,5,6,2,2,2,4,1,Yes,4,3
R_1Q4LDTePpxBHZdm,50,3,1,1,1,misinfo-only,false-first,3,7,1,4,1,1,1,No,,
R_2uHA1rvQIFRLcLa,28,3,1,1,1,correction-only,false-first,5,1,2,1,4,7,1,No,,
R_00suAjQYQjEHmKJ,19,4,1,1,1,correction-only,false-first,2,4,4,4,4,4,2,Yes,5,2
R_2EEnmg92ij7IVIs,20,1,1,1,1,misinfo-only,false-first,3,2,1,1,1,1,1,Yes,3,3
R_31WVVrvtv3FfZCb,33,1,1,1,1,correction-only,true-first,5,2,1,4,1,1,1,Yes,4,1
R_1K0YrwjZtHTOjw8,53,3,1,1,1,debunk,true-first,4,2,1,5,2,3,5,Yes,4,3
R_3oXhCMoSzO5w3HD,27,2,1,1,1,debunk,false-first,5,2,1,1,1,4,2,Yes,5,4
R_1jvvGZkPSNCiqC8,54,2,1,1,1,debunk,false-first,6,2,1,1,1,1,1,Yes,3,4
R_2f8yBStf5B9bsxi,25,3,1,1,1,debunk,false-first,3,4,1,1,1,4,4,No,,
R_tFNs0L6YOElNN9T,40,1,1,1,1,debunk,true-first,5,4,1,1,1,1,2,Yes,4,5
R_2sdSSrG8St4ythK,21,3,1,1,1,debunk,true-first,4,4,1,4,2,4,5,Yes,5,4
R_3EbSGDeADO4pmq2,34,2,1,1,1,debunk,false-first,2,1,1,2,1,2,4,No,,
R_1pYVS2LRW430sC8,43,4,1,1,1,misinfo-only,false-first,2,5,4,4,5,4,4,Yes,5,5
R_1YUw7R7WNnwgT73,64,4,1,1,1,misinfo-only,false-first,2,6,6,4,6,7,5,No,,
R_1207m1WqUEH3fob,42,4,1,1,1,misinfo-only,false-first,5,5,2,2,4,3,6,Yes,4,4
R_1ghCmdozD7PMWCE,22,6,1,1,1,debunk,true-first,5,7,2,2,6,6,3,Yes,4,1
R_1q3UisC21QKZbWq,40,3,1,1,1,misinfo-only,true-first,3,4,1,1,2,4,4,Yes,5,4
R_3nBngYsBxCkGMyK,55,3,1,1,1,debunk,true-first,4,2,2,2,2,6,3,No,,
R_26aRYqSMHPevzzm,24,2,1,1,1,misinfo-only,false-first,3,5,2,2,2,4,3,Yes,5,3
R_1mI6zSfpxcaSZji,26,2,1,1,1,correction-only,false-first,2,6,2,4,2,4,6,Yes,5,3
R_10H5IEhdyskmAmC,27,3,1,1,1,debunk,false-first,4,6,2,2,2,2,5,No,,
R_2wMQlNV0AGv2sEw,31,3,1,1,1,misinfo-only,false-first,5,2,2,2,3,4,4,Yes,3,3
R_3hswz8VO0gyZx03,44,3,1,1,1,misinfo-only,true-first,5,5,1,4,2,2,5,Yes,4,4
R_pn0QeEhnYNqdcvD,43,1,1,1,1,debunk,true-first,5,6,1,5,2,1,4,Yes,3,1
R_2EfUURP2XkIq6zL,55,2,1,1,1,debunk,false-first,5,7,1,1,3,3,4,Yes,3,2
R_1gFpN8opyNUxOdu,64,1,1,1,1,correction-only,false-first,5,4,1,2,2,1,4,No,,
R_1BSn5TRb768pAV0,53,3,1,1,1,correction-only,true-first,3,7,4,7,7,4,4,Yes,3,3
R_3JlbWAjM1YefB4R,42,4,1,1,1,debunk,true-first,5,4,7,2,7,5,4,No,,
R_3PoD0Kzl42rINDa,40,3,1,1,1,misinfo-only,false-first,3,4,1,4,1,1,1,Yes,2,1
R_1IRDbe9FtAk7JIQ,33,5,1,1,1,correction-only,true-first,4,3,5,3,6,6,4,Yes,4,3
R_x6rQ72kFBTnh8iJ,38,6,1,1,1,misinfo-only,false-first,3,6,4,4,7,6,2,No,,
R_3HzUsEsXvBB2mh6,41,4,1,1,1,debunk,false-first,5,4,1,2,1,1,6,Yes,3,1
R_24tI696AL4opNEy,61,2,1,1,1,misinfo-only,false-first,8,4,1,4,1,1,2,No,,
R_3r1WNqfPX3lEQG5,29,5,1,1,1,correction-only,false-first,3,3,7,7,7,7,2,Yes,4,4
R_3JkIiDK7At9T6tY,30,5,1,1,1,debunk,true-first,2,2,5,4,5,6,2,No,,
R_3eaYoBUE04uM4eN,40,1,1,1,1,debunk,true-first,5,4,1,2,1,1,4,No,,
R_8Hf4Me3iBKbysbT,41,1,1,1,1,misinfo-only,false-first,4,6,2,1,1,1,4,Yes,5,5
R_2X5kttLQqAKwuL5,32,3,1,1,1,correction-only,true-first,5,4,1,4,2,2,4,Yes,3,3
R_1Tfs4PS3B7JHibD,19,2,1,1,1,misinfo-only,true-first,4,3,2,1,3,1,5,Yes,4,2
R_swd3CxO2UppvC1z,20,3,1,1,1,correction-only,true-first,3,2,2,2,3,1,4,Yes,3,1
R_Ovb0q6XCy3EjMI1,31,4,1,1,1,debunk,false-first,2,6,3,2,4,4,6,No,,
R_1AqpcBQbVBadasF,46,1,1,1,1,correction-only,true-first,3,5,1,2,1,1,1,No,,
R_1DSkniJNm0Lmal7,21,1,1,1,1,misinfo-only,false-first,5,4,1,1,2,3,3,Yes,5,4
R_3fjERvzWSiu3BSw,59,5,1,1,1,misinfo-only,true-first,5,4,2,3,4,4,4,No,,
R_1pmSfyLDC1luKTa,37,2,1,1,1,debunk,true-first,5,4,1,2,4,2,1,No,,
R_2B9wLREROTGeoHx,35,3,1,1,1,misinfo-only,false-first,3,4,1,4,2,2,5,Yes,3,3
R_1K7KwjotqXgjh0F,35,4,1,1,1,correction-only,true-first,5,5,5,4,5,5,4,No,,
R_1K9MklvNTCDYfJX,50,5,1,1,1,correction-only,true-first,4,1,1,1,4,4,6,Yes,3,3
R_tEuvQp3HG93TpId,39,3,1,1,1,misinfo-only,false-first,5,5,1,2,1,2,5,No,,
R_1K1DfeHzfJX8Je3,45,3,1,1,1,correction-only,true-first,5,1,1,1,1,1,4,No,,
R_aVMiwJzVyuv5swV,57,3,1,1,1,correction-only,false-first,3,5,2,4,1,2,3,No,,
R_3R3hFxs4MjbSlB7,26,2,1,1,1,debunk,false-first,4,4,1,1,1,4,1,No,,
R_33d0zXf3XXUBGUK,29,1,1,1,1,correction-only,true-first,3,4,1,2,1,1,1,Yes,2,2
R_1FJqiHcrP4pEmGQ,21,2,1,1,1,debunk,true-first,5,4,3,2,1,4,5,Yes,5,4
R_2fjkfBl3QyF0GGA,41,4,1,1,1,correction-only,false-first,4,5,2,3,5,5,5,Yes,3,2
R_UYd1Wqr88uNOvhn,39,4,1,1,1,debunk,false-first,5,2,2,2,7,6,5,No,,
R_3q9vxsir6nLFZMp,73,4,1,1,1,correction-only,false-first,6,4,1,1,1,2,5,No,,
R_qWJHGg8lYdfnaOl,26,1,1,1,1,correction-only,true-first,5,4,1,1,1,1,5,Yes,5,3
R_3nit6hDnzSC73uX,31,1,1,1,1,correction-only,true-first,5,2,2,2,2,3,5,No,,
R_2TsKeU7AZOlKkxK,33,3,1,1,1,debunk,true-first,6,3,1,2,1,1,1,Yes,4,2
R_1d149hXtaDSWRQv,67,4,1,1,1,correction-only,true-first,3,5,6,5,6,7,4,No,,
R_2t8YmHnl68EjK8v,58,5,1,1,1,misinfo-only,false-first,2,5,3,2,5,3,6,Yes,4,1
R_OrMrSMfNSLbC8b7,38,2,1,1,1,debunk,true-first,3,1,1,1,1,1,4,Yes,4,4
R_21yPr6y510YK3lX,23,2,1,1,1,debunk,false-first,5,4,2,2,2,4,6,Yes,5,3
R_12SHdNoipjcWZze,30,1,1,1,1,debunk,false-first,5,3,1,1,2,1,2,Yes,3,3
R_1dLjjlGPg7GR3bT,32,4,1,1,1,correction-only,true-first,6,4,1,5,1,4,1,No,,
R_1jE2nNguv412Viu,27,2,1,1,1,correction-only,true-first,3,4,1,1,3,2,1,Yes,4,3
R_XziiX8eYlYAtXqx,23,1,1,1,1,misinfo-only,true-first,5,4,1,4,2,2,1,Yes,5,4
R_1hNheRb5npvOaSR,33,1,1,1,1,debunk,true-first,4,4,1,1,1,1,4,Yes,3,3
R_2QfcLNU8Sm9tiry,22,3,1,1,1,debunk,false-first,3,4,2,2,2,5,6,Yes,4,3
R_W1hrjoUXKPSr0KB,21,4,1,1,1,debunk,true-first,5,4,3,3,3,3,5,Yes,5,3
R_TtnsNl37NFYkyOd,25,5,1,1,1,correction-only,true-first,3,4,4,4,4,4,4,Yes,6,3
R_33vXXgoLUMZOuVs,33,4,1,1,1,correction-only,true-first,3,5,3,2,5,4,5,Yes,4,2
R_11ZaZUFb6V87aas,25,1,1,1,1,correction-only,true-first,6,5,1,2,1,1,2,Yes,5,3
R_2zqXpq4751EdJNz,35,2,1,1,1,correction-only,false-first,7,1,1,1,1,1,1,Yes,4,3
R_3KTMXbhlMKWgVU0,31,1,1,1,1,debunk,false-first,2,5,4,3,4,4,5,No,,
R_3nGzsGY1DIBeZPb,25,1,1,1,1,correction-only,true-first,2,7,1,4,4,1,5,Yes,5,3
R_d5yhWXQCyb9xb2x,32,3,1,1,1,misinfo-only,true-first,5,3,1,4,4,4,4,No,,
R_21ps7DAor4XlAj3,57,1,1,1,1,debunk,false-first,4,6,1,1,1,4,6,No,,
R_3l6zRXfJe5XZzIl,48,5,1,1,1,correction-only,false-first,4,4,5,4,5,5,4,Yes,4,3
R_3LXabS2TkKH6OcG,22,5,1,1,1,debunk,true-first,5,6,3,4,3,4,5,No,,
R_24OCM3GnOW0MVeL,42,2,1,1,1,debunk,true-first,4,4,6,5,6,6,5,No,,
R_3HOkwTjWkULOnar,25,2,1,1,1,debunk,true-first,5,5,1,4,3,5,2,Yes,4,3
R_3qPxag4oJoUs8S6,32,5,1,1,1,debunk,true-first,3,7,2,1,3,5,5,Yes,5,4
R_1gLwOGW89bLIz5y,23,3,1,1,1,correction-only,true-first,3,4,2,5,1,2,4,Yes,4,3
R_AzdTMiPdpJE04Ip,44,2,1,1,1,misinfo-only,true-first,6,1,1,1,1,1,1,Yes,5,4
R_216QwA6HLY2vU00,33,3,1,1,1,correction-only,true-first,4,5,3,2,3,6,6,Yes,4,4
R_2v6OSpihSRBayoV,28,6,1,1,1,debunk,false-first,5,2,6,2,7,5,5,Yes,2,1
R_PCLw8sMdi6bgF5D,56,2,1,1,1,debunk,true-first,4,6,1,4,1,1,5,Yes,4,3
R_1Ii5NG4S0XOMMtJ,79,4,1,1,1,debunk,true-first,6,1,1,1,1,1,2,No,,
R_2TWRAqWMMZN3GtR,21,2,1,1,1,correction-only,true-first,3,5,1,2,3,4,4,Yes,5,3
R_3jcJajYoO7TnSXk,50,3,1,1,1,debunk,false-first,5,3,2,2,1,1,6,Yes,4,3
R_3dWzUTkd7c58PFJ,31,3,1,1,1,correction-only,true-first,5,5,2,1,4,2,3,Yes,4,2
R_2PpUza5U45rxCVn,40,2,1,1,1,correction-only,false-first,6,4,2,4,1,2,2,No,,
R_2du5j5u5wQlYBF7,45,4,1,1,1,debunk,true-first,3,3,2,3,4,6,2,No,,
R_3R2yxqtTpnYOHC9,27,3,1,1,1,correction-only,false-first,5,4,2,4,3,4,4,Yes,4,3
R_3mZQAvBIrCvEZLc,25,5,1,1,1,debunk,false-first,5,4,2,4,6,4,1,Yes,4,3
R_24tLhOlTbaA2tYU,53,4,1,1,1,debunk,true-first,4,6,2,4,5,4,5,Unsure,,
R_2UYMCR8SEmsbIZt,63,2,1,1,1,misinfo-only,true-first,5,5,1,3,1,3,2,No,,
R_3NOIQjlSOB3ET7M,62,3,1,1,1,debunk,true-first,5,4,1,1,2,4,1,No,,
R_1PenF1b95NU34eq,74,5,1,1,1,misinfo-only,true-first,2,2,2,2,5,4,2,No,,
R_1176Hzd5xCsyEib,31,2,1,1,1,debunk,true-first,4,4,2,4,2,1,2,No,,
R_2S64XHMcorRrgJC,29,3,1,1,1,misinfo-only,true-first,5,4,2,4,4,1,2,Yes,4,3
R_28I3FUA1Q0QmE1s,36,2,1,1,1,debunk,true-first,6,5,3,3,5,6,5,Yes,3,3
R_3p8QtVZk00JwcHY,22,3,1,1,1,debunk,true-first,4,4,1,5,1,4,4,Yes,5,3
R_1DMDWTTRIXQ60lT,24,3,1,0,0.5,misinfo-only,true-first,5,6,3,4,2,2,4,Yes,2,1
R_3fNc0YkTOpfEgX0,50,4,1,1,1,misinfo-only,true-first,6,4,2,2,4,2,4,Yes,3,2
R_3nduB85axvYXaYy,32,4,1,1,1,correction-only,false-first,6,4,6,4,7,4,4,No,,
R_2rC2DPLeYn3vFbW,62,4,1,1,1,correction-only,false-first,2,5,1,4,4,2,5,Yes,3,1
R_u9QNIotbnLUe8Vj,61,1,1,1,1,misinfo-only,true-first,5,2,1,1,1,1,2,Yes,4,4
R_3PdZghQF9LPZ3OB,38,3,1,1,1,misinfo-only,true-first,6,2,1,1,1,1,4,No,,
R_2BxiUbHR1yWm6H7,47,2,1,1,1,debunk,true-first,5,5,2,4,2,2,5,No,,
R_29tcnd2AbL9QZRl,25,3,1,1,1,correction-only,true-first,5,2,1,1,4,1,4,Yes,5,3
R_ZqIfwDf4RhiFYzf,45,4,1,1,1,correction-only,true-first,3,4,2,4,7,6,4,No,,
R_3jZEYVaR2cHVO4j,41,5,1,1,1,debunk,true-first,2,6,5,4,6,7,6,No,,
R_1fkGPlxAYBzqD5S,31,3,1,1,1,debunk,false-first,5,5,1,4,2,1,4,No,,
R_1IlMdKTnKxbdNfW,53,2,1,1,1,correction-only,false-first,5,1,1,1,1,1,1,No,,
R_2scXXMf5WzMNRrM,54,1,1,1,1,misinfo-only,false-first,4,4,1,2,2,2,3,No,,
R_29bpP0mGHERNKHS,29,1,1,1,1,debunk,true-first,2,2,1,2,1,1,3,Yes,3,1
R_0Ngc1m3cymVAWXf,30,2,1,1,1,debunk,false-first,4,5,2,4,4,4,5,Yes,5,4
R_2ta3MTCphZeDAVK,25,1,1,1,1,misinfo-only,true-first,5,6,1,4,1,4,6,Yes,4,4
R_2PbdyzRQ8Mn5j1v,49,4,1,1,1,debunk,false-first,5,4,3,4,6,4,2,No,,
R_21zA93O7pNJ3YbE,42,2,1,1,1,misinfo-only,false-first,3,4,1,1,1,1,6,No,,
R_1jfjToUhLXr9O1D,63,5,1,1,1,debunk,false-first,5,4,1,2,2,2,3,No,,
R_2AYlDqbcMfppqGX,69,5,1,1,1,misinfo-only,false-first,3,4,3,5,4,5,5,No,,
R_3lteNd2H0uo1QEN,55,5,1,1,1,misinfo-only,false-first,2,4,3,2,6,4,5,Unsure,,
R_d4lym6Q9GkqETzX,23,4,1,1,1,debunk,true-first,4,6,7,6,6,6,6,Yes,5,4
R_25FIYGlbv1qLCBz,22,2,1,1,1,misinfo-only,false-first,5,5,5,2,2,1,2,Yes,4,4
R_3iWsJwwRGiR5CFf,39,1,1,1,1,misinfo-only,true-first,5,4,4,5,4,4,4,Yes,3,1
R_1ItqDYByLLsC3aO,23,2,1,1,1,debunk,true-first,5,4,2,4,2,1,5,Yes,3,2
R_3g2cyPX61DahM0I,23,3,1,1,1,correction-only,false-first,5,4,2,4,4,4,6,Yes,5,4
R_1Kp3bpDG5kEABvu,25,1,1,1,1,correction-only,false-first,4,2,1,4,2,1,5,Yes,6,3
R_YaVmnL6M42tTC8h,20,4,1,1,1,debunk,false-first,4,2,3,4,4,4,3,Yes,4,3
R_1GJ020diOpu72PA,29,5,1,1,1,debunk,false-first,5,4,7,4,7,7,7,Yes,4,2
R_2DNuOEbNF8C3TnV,57,3,1,1,1,correction-only,false-first,5,2,2,4,1,4,4,No,,
R_2rDdV4biIHEu1wm,27,3,1,1,1,correction-only,false-first,6,4,2,2,2,4,5,Yes,3,2
R_YbEXubC7HNByRWN,55,1,1,1,1,debunk,false-first,4,5,1,2,1,1,4,No,,
R_2cezN6iskgmU06D,20,4,1,1,1,correction-only,true-first,3,4,3,4,3,1,1,No,,
R_2e4NpZwt3zMxOb2,57,1,1,1,1,correction-only,false-first,5,2,1,5,1,1,4,Yes,4,2
R_O26ZyNJMZ1zoOxr,56,1,1,1,1,misinfo-only,false-first,3,5,2,3,2,3,4,No,,
R_1MMUtCTovHmwY13,59,4,1,1,1,debunk,true-first,5,2,5,2,6,6,5,No,,
R_XpP3oRvTM54CyVH,63,4,1,1,1,debunk,true-first,6,4,3,4,4,4,5,No,,
R_2VpYF0fl47O7Kne,57,3,1,1,1,misinfo-only,false-first,6,5,6,2,5,2,2,Yes,2,1
R_3M0wcZyOjKEBuuD,73,4,1,1,1,misinfo-only,false-first,4,4,1,4,1,4,5,Yes,3,4
R_vcZaNKVwsLFvE4x,50,2,1,1,1,correction-only,true-first,7,3,2,2,1,4,2,Yes,3,3
R_6g5znM2Kg9iPSlr,52,2,1,1,1,debunk,true-first,5,4,1,1,1,1,4,Yes,4,3
R_2fIn5P2rjZkROGE,27,2,1,1,1,misinfo-only,false-first,2,4,2,1,2,4,5,Yes,3,3
R_tX3eEM5LiCqgBPz,26,3,1,1,1,debunk,true-first,3,4,1,2,2,4,5,Yes,4,4
R_tL3uQo2QuEbsRON,37,1,1,1,1,correction-only,false-first,5,2,1,1,1,1,3,No,,
R_1LMfR0q4tOMzpV8,36,3,1,1,1,correction-only,true-first,3,4,2,4,2,4,5,Yes,4,4
R_AFK0ON4vJJhAJb3,23,1,1,1,1,debunk,false-first,5,2,1,1,1,1,1,No,,
R_31opAc6qj3EyzZ0,19,2,1,1,1,misinfo-only,false-first,3,4,2,4,2,4,6,Yes,6,4
R_2y3ZLkKpCSwPHTW,63,1,1,1,1,correction-only,false-first,8,4,1,2,1,1,6,No,,
R_XLp7EWKrA0HendL,33,3,1,1,1,debunk,true-first,5,4,1,2,1,4,1,No,,
R_2CZftkmJK0zV9ay,21,2,1,1,1,misinfo-only,true-first,3,4,1,1,1,1,1,No,,
R_10SEAV4lhEOkW6a,22,3,1,1,1,correction-only,true-first,4,2,2,1,1,2,6,Yes,5,3
R_3fiYAD8bHqCyf0i,60,4,1,1,1,correction-only,false-first,2,3,5,3,5,4,3,Yes,4,1
R_3nemM0yxFO1ech7,38,3,1,1,1,misinfo-only,true-first,5,4,2,2,2,2,4,Yes,2,2
R_11aOVpiUDPN0Eh5,42,1,1,1,1,correction-only,false-first,3,4,1,2,1,1,4,Yes,3,2
R_22ljJzutZVBt5VE,22,2,1,1,1,debunk,true-first,5,4,1,3,1,4,3,Yes,4,3
R_skc0X97YDbdvaNP,36,1,1,0,0.5,misinfo-only,false-first,4,4,2,4,1,1,1,Yes,4,3
R_3e29QimnuRznMMV,34,1,1,1,1,debunk,true-first,6,4,2,2,1,1,3,Yes,4,2
R_2EoA8oMkb5ILm2E,29,2,1,1,1,correction-only,false-first,5,5,2,6,1,1,5,Yes,2,2
R_OvgXQhc85z5IB4l,53,5,0,1,0.5,debunk,true-first,4,5,2,3,3,1,6,Yes,4,4
R_2wsmA2KDCMYQ6yq,26,2,1,1,1,misinfo-only,false-first,5,3,4,5,5,5,5,Yes,3,3
R_27jU9wTgrUa3rnL,27,3,1,1,1,debunk,false-first,2,2,1,1,1,1,4,Yes,4,2
R_3rP54XiWxh9GWG1,44,4,1,1,1,misinfo-only,true-first,5,4,4,4,4,4,3,No,,
R_2WJDWwmLBX5wPih,28,1,1,1,1,debunk,true-first,5,4,1,5,4,1,5,Yes,5,4
R_3338JjopCH6LLWk,19,3,1,1,1,misinfo-only,false-first,3,2,1,2,1,2,2,Yes,5,3
R_3PnNY9VVSfCed5k,56,2,1,1,1,correction-only,true-first,5,3,1,2,2,3,5,Yes,4,3
R_yKPq1Bi1p1qagCd,26,2,1,1,1,debunk,false-first,2,5,2,1,1,4,6,No,,
R_0ptvfUnIp7mfyM1,21,1,1,1,1,misinfo-only,false-first,3,2,1,2,1,2,1,Yes,5,3
R_50TTeD6E1scVHW1,35,1,1,1,1,correction-only,true-first,3,3,3,4,2,4,3,No,,
R_3Eb4VGYLxMXxBHE,39,4,1,1,1,debunk,false-first,8,4,2,2,2,2,4,Yes,4,4
R_3QMmgz96zq1hMWt,27,1,1,1,1,misinfo-only,true-first,5,2,1,1,1,1,1,No,,
R_2cvnRGo5s2H5dnx,33,1,1,1,1,correction-only,false-first,3,2,1,1,1,1,4,No,,
R_3MzidZIiupQWvJh,21,1,1,1,1,debunk,false-first,2,4,1,2,1,1,1,Yes,5,3
R_Zy6C5Dt5AtEfc5z,23,3,1,1,1,correction-only,false-first,5,4,2,2,3,3,5,Yes,5,3
R_XEN9WkCC7geZl9T,37,2,1,1,1,debunk,true-first,6,3,6,5,5,5,5,Yes,4,3
R_r74nf5vvKa4OSd3,21,3,1,1,1,correction-only,false-first,3,4,2,2,2,1,1,No,,
R_2zuMCRVlKD3iB0F,20,3,1,1,1,misinfo-only,false-first,3,4,2,3,3,4,5,Yes,4,3
R_2aLlxjnvuxuQ7qT,22,3,1,1,1,correction-only,true-first,3,5,2,4,2,4,1,No,,
R_1QroqzJWxaDy0Zd,44,5,1,1,1,misinfo-only,false-first,2,5,3,5,6,4,2,Yes,4,3
R_2xPsExym0WBegHi,38,5,0,1,0.5,debunk,true-first,5,6,1,4,1,2,1,Yes,4,3
R_8B7cM4sxHGwvfWx,65,1,1,1,1,correction-only,false-first,3,4,2,4,3,5,4,No,,
R_114xhXa3KKDV6EE,77,5,1,1,1,misinfo-only,false-first,5,2,1,4,2,4,4,Yes,1,1
R_2QoIlwnzA2QYcAm,66,3,1,1,1,correction-only,true-first,3,5,3,2,3,4,3,No,,
R_2QQxhmaxN2y3nOH,24,5,1,1,1,correction-only,true-first,1,7,5,4,7,6,4,Yes,4,2
R_24j7qV1RHXjKG7N,19,3,1,1,1,correction-only,true-first,2,3,5,5,3,5,3,Yes,5,3
R_3DteCI7k5FxhPTq,25,1,1,1,1,correction-only,false-first,5,5,2,2,1,2,2,Yes,4,4
R_1i4ldjZxNi289mF,21,1,1,1,1,misinfo-only,true-first,3,2,1,1,1,1,3,Yes,4,4
R_Ah5HPiNn38YG6Yx,29,4,1,1,1,misinfo-only,false-first,5,6,2,3,2,3,2,Yes,3,3
R_2QiK1boJ8prFV6j,20,3,1,1,1,debunk,true-first,3,3,1,2,1,1,1,Yes,3,2
R_2wSr57XN92Y48hf,51,2,1,1,1,misinfo-only,false-first,4,5,2,5,6,4,4,Yes,2,1
R_XHBpSCTxy75Gtwt,37,1,1,1,1,correction-only,true-first,3,1,1,2,1,4,1,Yes,3,3
R_1gvkXqNTXjdvIDD,27,3,1,1,1,debunk,false-first,6,5,2,2,1,4,6,Yes,5,4
R_31Kt4g0uXj17bOT,32,3,1,1,1,correction-only,false-first,5,1,1,2,1,1,1,No,,
R_3nJLxsleaBbqH9K,31,1,1,1,1,debunk,false-first,3,6,1,1,4,1,1,No,,
R_1l0KfURIPAQeYBR,42,3,1,1,1,misinfo-only,false-first,4,6,4,4,4,3,4,No,,
R_RVOpxI6ywsqSmjf,53,1,1,1,1,debunk,true-first,3,5,1,2,1,2,3,No,,
R_3IT5nJ388xl4i9V,26,4,1,1,1,misinfo-only,false-first,2,5,5,4,4,2,6,Yes,5,4
R_3luhguyLWT327Xh,36,3,0,1,0.5,debunk,true-first,5,4,1,1,1,6,4,No,,
R_3nocpv5vMDhI1m7,34,3,1,1,1,debunk,true-first,6,4,1,4,1,3,6,No,,
R_a5zb4RtJPQD0o3D,27,2,1,1,1,misinfo-only,false-first,5,4,5,1,5,6,4,Yes,4,3
R_1FzVZ9sKWHB4ULt,26,2,1,1,1,misinfo-only,false-first,6,5,2,3,3,4,2,Yes,4,3
R_3P5pktEvUZRxeBL,26,3,1,1,1,misinfo-only,false-first,5,6,2,4,2,4,4,Yes,4,3
R_OvsKzWSprVi49ln,30,1,1,1,1,correction-only,true-first,8,4,1,4,1,1,4,No,,
R_2TzncAnRrSm5k5e,57,1,1,1,1,correction-only,true-first,5,4,1,3,1,2,2,Yes,2,3
R_2SAC6u00AY6rlfA,29,2,1,1,1,debunk,true-first,5,3,6,5,5,6,5,Yes,4,3
R_PTecGTPVIZ0Eket,42,4,1,1,1,debunk,false-first,4,1,1,1,1,1,4,No,,
R_1eDhQh9dP2X12DO,32,2,1,1,1,correction-only,false-first,3,2,1,1,1,1,4,Yes,5,3
R_1eFc2PnsDEAwNgY,43,1,1,1,1,misinfo-only,true-first,3,4,1,1,1,1,4,No,,
R_3fTC846Z5ugUuR8,28,2,1,1,1,debunk,false-first,5,6,2,4,3,4,4,Yes,6,4
R_1febhE2CHI5pZ2Z,25,4,1,1,1,misinfo-only,false-first,5,2,5,1,6,6,2,No,,
R_1OE6fIPqceokVEk,25,1,1,1,1,correction-only,true-first,5,1,1,4,1,2,6,Yes,4,1
R_RXltIJxnU9wo03n,29,2,1,1,1,correction-only,true-first,5,6,3,4,1,2,1,Yes,4,3
R_2YzGog657Pbq5YO,18,2,1,1,1,debunk,true-first,3,4,1,4,2,4,4,Yes,5,4
R_24N1T34u2QR1win,36,2,1,1,1,correction-only,true-first,8,4,2,2,2,4,5,Yes,3,3
R_r2xBNgFrp4ScgF3,26,1,1,1,1,misinfo-only,true-first,5,4,1,1,1,1,3,Yes,4,2
